Date,BTC,ETH,XRP,BNB,SOL
2020-06-08,9712.79,242.94,0.2026,17.3,0.6685
2020-06-09,9822.91,244.8,0.2021,17.38,0.6575
2020-06-10,9854.13,246.84,0.2023,17.38,0.6396
2020-06-11,9345.62,233.19,0.1907,16.53,0.5695
2020-06-12,9439.64,237.13,0.1928,16.56,0.5937
2020-06-13,9424.64,237.34,0.1923,16.74,0.6094
2020-06-14,9338.84,232.8,0.1898,16.55,0.5854
2020-06-15,9437.14,231.84,0.1931,16.47,0.5697
2020-06-16,9507.66,234.67,0.1915,16.41,0.5844
2020-06-17,9409.8,232.19,0.1923,16.32,0.5837
2020-06-18,9366.75,229.87,0.1898,16.07,0.6203
2020-06-19,9324.16,229.56,0.1876,16.0,0.6861
2020-06-20,9339.38,228.04,0.1879,15.96,0.6489
2020-06-21,9328.56,229.42,0.1872,15.99,0.6742
2020-06-22,9690.25,243.12,0.1901,16.47,0.7298
2020-06-23,9649.24,244.16,0.1896,16.41,0.7078
2020-06-24,9265.66,234.6,0.1832,16.05,0.7349
2020-06-25,9301.57,234.09,0.1824,15.99,0.7142
2020-06-26,9174.83,230.3,0.1832,15.77,0.7375
2020-06-27,9059.03,221.92,0.1771,15.24,0.7126
2020-06-28,9124.24,225.14,0.1774,15.39,0.7988
2020-06-29,9212.15,228.39,0.1781,15.51,0.8542
2020-06-30,9163.73,226.31,0.176,15.44,0.8602
2020-07-01,9243.83,231.25,0.1773,15.83,0.8325
2020-07-02,9152.23,228.17,0.1759,15.44,0.7773
2020-07-03,9100.2,226.9,0.1776,15.38,0.7691
2020-07-04,9125.2,228.82,0.1778,15.53,0.7817
2020-07-05,9040.05,226.37,0.176,15.4,0.6934
2020-07-06,9284.22,239.04,0.1867,16.04,0.7105
2020-07-07,9248.45,238.21,0.1839,16.53,0.7552
2020-07-08,9434.18,247.6,0.2056,17.28,0.7956
2020-07-09,9253.41,241.83,0.2023,16.83,0.8486
2020-07-10,9216.37,239.08,0.1977,17.11,0.9133
2020-07-11,9224.6,238.99,0.201,17.55,0.9224
2020-07-12,9268.97,239.01,0.2,18.23,1.02
2020-07-13,9249.25,239.95,0.1989,18.32,1.173
2020-07-14,9244.36,240.26,0.1989,17.97,1.15
2020-07-15,9226.55,238.69,0.1982,17.54,1.282
2020-07-16,9126.44,232.82,0.1928,17.1,0.8704
2020-07-17,9154.51,232.65,0.1938,17.1,0.9778
2020-07-18,9181.37,236.24,0.2013,17.22,0.9659
2020-07-19,9175.75,235.72,0.2,17.85,0.929
2020-07-20,9174.18,236.11,0.1951,17.53,0.8998
2020-07-21,9383.57,244.9,0.1989,17.64,0.9424
2020-07-22,9381.49,247.41,0.2011,17.73,1.04
2020-07-23,9618.66,275.03,0.2073,18.62,1.059
2020-07-24,9611.2,285.57,0.2069,19.4,1.002
2020-07-25,9701.95,303.7,0.2152,19.82,1.248
2020-07-26,9888.63,310.89,0.2159,19.52,1.566
2020-07-27,11125.84,322.65,0.2257,19.63,1.738
2020-07-28,11025.21,318.59,0.2334,20.38,1.79
2020-07-29,11297.07,323.7,0.2494,20.13,1.655
2020-07-30,11097.26,335.91,0.2491,19.94,1.683
2020-07-31,11397.67,347.73,0.2567,20.56,1.522
2020-08-01,11772.18,384.94,0.2863,21.47,1.53
2020-08-02,11136.86,377.63,0.2919,20.89,1.73
2020-08-03,11222.75,384.09,0.3076,21.73,1.802
2020-08-04,11241.09,391.99,0.3031,22.39,1.86
2020-08-05,11779.11,405.66,0.307,23.26,1.743
2020-08-06,11747.23,395.58,0.3036,22.83,2.201
2020-08-07,11602.49,379.46,0.2953,22.25,2.083
2020-08-08,11765.41,391.17,0.2949,22.68,2.465
2020-08-09,11648.47,389.39,0.2902,22.43,2.667
2020-08-10,11839.01,393.93,0.2931,22.46,3.12
2020-08-11,11302.45,373.78,0.2796,21.15,3.296
2020-08-12,11509.61,382.7,0.2801,21.51,3.755
2020-08-13,11697.92,418.93,0.2896,21.65,3.738
2020-08-14,11773.93,438.04,0.3024,22.96,3.413
2020-08-15,11914.37,433.05,0.3,22.97,3.176
2020-08-16,11862.5,431.4,0.3003,23.56,3.392
2020-08-17,12334.97,439.06,0.3237,23.9,3.116
2020-08-18,12075.01,427.51,0.3068,23.2,3.343
2020-08-19,11715.81,405.6,0.2874,22.29,2.887
2020-08-20,11832.75,416.27,0.2912,23.04,3.207
2020-08-21,11527.98,388.42,0.2793,21.91,2.932
2020-08-22,11673.58,393.58,0.2848,22.08,3.016
2020-08-23,11671.43,393.38,0.2861,21.94,3.253
2020-08-24,11759.31,406.54,0.289,22.43,3.343
2020-08-25,11312.77,379.17,0.2759,21.36,3.253
2020-08-26,11476.86,388.25,0.2785,22.37,3.572
2020-08-27,11289.13,382.09,0.2636,22.54,3.453
2020-08-28,11500.96,394.58,0.2711,22.95,4.01
2020-08-29,11513.18,404.86,0.2757,23.17,3.957
2020-08-30,11607.49,421.98,0.281,23.54,4.435
2020-08-31,11638.05,431.05,0.2789,23.02,4.749
2020-09-01,12027.41,483.66,0.296,24.88,4.345
2020-09-02,11387.62,438.2,0.2771,24.58,4.174
2020-09-03,10734.17,401.76,0.2629,22.12,3.51
2020-09-04,10561.84,389.03,0.2568,21.42,3.537
2020-09-05,10094.72,331.24,0.2362,18.88,2.61
2020-09-06,10329.05,357.63,0.2425,23.37,3.096
2020-09-07,10160.76,345.12,0.2389,21.79,2.927
2020-09-08,10029.85,338.34,0.2368,22.72,2.47
2020-09-09,10245.04,353.96,0.2403,24.24,3.604
2020-09-10,10351.49,367.23,0.243,24.65,3.479
2020-09-11,10349.1,369.9,0.2435,25.05,3.4
2020-09-12,10455.56,383.97,0.2475,28.52,3.335
2020-09-13,10303.68,363.46,0.2414,30.93,3.26
2020-09-14,10717.92,378.5,0.2472,30.95,3.267
2020-09-15,10857.6,367.92,0.2452,27.6,2.932
2020-09-16,11018.82,366.96,0.2464,27.79,2.536
2020-09-17,10962.52,392.68,0.2528,26.71,2.886
2020-09-18,10942.16,382.16,0.2501,27.03,3.117
2020-09-19,11054.46,385.38,0.251,27.32,3.034
2020-09-20,10876.56,369.99,0.2457,25.2,2.866
2020-09-21,10508.75,348.39,0.2337,24.15,2.77
2020-09-22,10550.98,346.52,0.2343,24.13,2.911
2020-09-23,10260.0,322.9,0.2246,23.1,2.858
2020-09-24,10651.58,346.05,0.2324,24.15,3.146
2020-09-25,10752.93,357.35,0.2441,24.83,3.197
2020-09-26,10730.61,353.19,0.2416,26.33,3.135
2020-09-27,10726.61,353.29,0.2418,25.89,3.164
2020-09-28,10890.12,363.63,0.2463,27.62,2.963
2020-09-29,10770.6,357.67,0.2414,28.5,2.953
2020-09-30,10708.3,357.22,0.2394,29.12,2.9
2020-10-01,10592.89,351.32,0.2373,27.22,2.87
2020-10-02,10477.16,342.13,0.2315,26.8,2.626
2020-10-03,10578.87,349.21,0.2339,28.01,2.547
2020-10-04,10653.73,351.86,0.2472,28.79,2.523
2020-10-05,10743.74,352.62,0.2514,28.68,2.655
2020-10-06,10575.41,339.19,0.2441,27.52,2.176
2020-10-07,10663.35,340.01,0.2478,27.8,2.302
2020-10-08,10884.82,350.21,0.2516,27.44,2.366
2020-10-09,11059.22,364.37,0.253,28.37,2.535
2020-10-10,11378.03,375.37,0.2575,28.52,2.402
2020-10-11,11328.49,373.01,0.2549,28.51,2.425
2020-10-12,11692.18,392.71,0.258,30.94,2.587
2020-10-13,11454.94,382.87,0.2567,30.73,2.408
2020-10-14,11383.87,375.81,0.2489,30.76,2.313
2020-10-15,11505.6,378.54,0.2457,31.16,2.27
2020-10-16,11344.58,366.54,0.2403,29.89,2.141
2020-10-17,11349.13,367.62,0.2404,30.18,2.207
2020-10-18,11463.3,376.18,0.2424,30.59,2.216
2020-10-19,11756.21,379.55,0.2474,29.97,2.061
2020-10-20,11930.17,370.14,0.2439,28.8,1.887
2020-10-21,12938.78,396.21,0.2538,30.01,1.894
2020-10-22,13156.22,419.13,0.263,30.78,1.96
2020-10-23,12919.74,408.75,0.2545,30.54,1.961
2020-10-24,13080.56,410.35,0.2557,30.5,1.916
2020-10-25,13020.76,406.32,0.2527,30.05,1.795
2020-10-26,13056.19,392.2,0.2484,31.22,1.682
2020-10-27,13736.87,405.11,0.2513,31.32,1.711
2020-10-28,13266.97,387.95,0.2465,30.38,1.518
2020-10-29,13412.45,383.76,0.2416,29.69,1.433
2020-10-30,13571.37,383.5,0.2395,28.44,1.439
2020-10-31,13875.37,388.64,0.241,28.59,1.55
2020-11-01,13698.19,395.47,0.2401,28.28,1.608
2020-11-02,13581.91,383.12,0.235,27.86,1.475
2020-11-03,13832.39,388.09,0.2387,26.93,1.413
2020-11-04,14122.59,401.74,0.2387,26.69,1.392
2020-11-05,15558.93,418.26,0.246,27.67,1.401
2020-11-06,15612.12,456.11,0.2595,28.93,1.901
2020-11-07,14831.86,437.39,0.2497,27.98,2.026
2020-11-08,15520.06,455.05,0.2544,28.26,2.158
2020-11-09,15253.8,442.93,0.2505,27.9,2.03
2020-11-10,15381.51,454.08,0.2566,28.36,2.268
2020-11-11,15810.4,466.58,0.2569,27.99,2.002
2020-11-12,16226.29,462.43,0.2554,27.55,1.908
2020-11-13,16319.21,476.59,0.2646,28.14,2.014
2020-11-14,16035.72,462.12,0.2692,27.84,1.918
2020-11-15,15942.33,446.6,0.2686,27.48,2.043
2020-11-16,16728.02,461.5,0.2866,28.04,2.263
2020-11-17,17604.11,480.72,0.3029,28.45,2.201
2020-11-18,17835.16,480.23,0.2932,27.98,2.116
2020-11-19,17886.25,472.5,0.3017,27.92,2.087
2020-11-20,18626.02,508.35,0.3229,28.84,2.103
2020-11-21,18631.79,542.24,0.4486,30.32,2.381
2020-11-22,18627.71,573.53,0.4662,30.34,2.149
2020-11-23,18421.21,609.29,0.6032,30.6,2.279
2020-11-24,19126.95,603.03,0.6946,33.67,2.281
2020-11-25,18777.45,569.49,0.6354,31.65,2.266
2020-11-26,17199.82,521.4,0.5355,28.2,1.915
2020-11-27,16991.34,514.53,0.5514,28.31,1.863
2020-11-28,17784.84,542.82,0.6246,29.17,1.889
2020-11-29,18161.34,570.73,0.6052,30.16,1.917
2020-11-30,19490.32,609.8,0.6565,31.41,1.967
2020-12-01,18952.18,591.03,0.6197,30.22,1.976
2020-12-02,19134.12,597.59,0.6224,30.22,2.122
2020-12-03,19482.7,616.67,0.6278,30.67,2.099
2020-12-04,18670.06,568.96,0.5471,28.9,1.853
2020-12-05,19021.04,591.23,0.5768,29.49,1.982
2020-12-06,19145.13,593.55,0.6149,29.25,1.853
2020-12-07,19126.24,591.0,0.606,29.37,1.831
2020-12-08,18471.96,555.78,0.5612,27.61,1.663
2020-12-09,18560.06,577.01,0.5838,28.3,1.659
2020-12-10,18334.59,563.25,0.578,27.75,1.569
2020-12-11,18131.57,550.67,0.5843,27.6,1.439
2020-12-12,18886.51,571.6,0.5174,28.25,1.492
2020-12-13,19111.32,588.62,0.5076,28.91,1.57
2020-12-14,19285.96,588.21,0.5027,30.13,1.594
2020-12-15,19472.69,588.63,0.4709,29.46,1.761
2020-12-16,21397.23,634.98,0.5397,30.55,1.783
2020-12-17,22963.81,645.57,0.5898,30.16,1.68
2020-12-18,23029.28,651.79,0.5837,31.06,1.703
2020-12-19,23919.63,663.87,0.5891,33.45,1.67
2020-12-20,23484.48,635.82,0.5666,33.89,1.562
2020-12-21,23184.78,617.46,0.527,32.85,1.533
2020-12-22,23723.85,629.65,0.4383,33.18,1.489
2020-12-23,23270.64,583.82,0.2562,31.18,1.197
2020-12-24,23676.98,612.44,0.3292,32.65,1.361
2020-12-25,24565.54,621.86,0.3116,32.59,1.447
2020-12-26,26376.78,633.46,0.2924,33.26,1.324
2020-12-27,26473.92,686.38,0.2865,33.43,1.301
2020-12-28,26826.48,725.51,0.2494,35.5,1.515
2020-12-29,27011.57,728.62,0.2164,38.21,1.667
2020-12-30,28731.52,745.76,0.2144,37.78,1.535
2020-12-31,29110.37,740.92,0.2237,37.25,1.51
2021-01-01,29340.43,730.81,0.2386,37.66,1.845
2021-01-02,32198.69,772.68,0.2211,38.17,1.799
2021-01-03,33148.12,993.13,0.2253,40.91,2.176
2021-01-04,31387.02,1014.43,0.2356,40.22,2.491
2021-01-05,34310.41,1112.74,0.2271,41.39,2.166
2021-01-06,36058.42,1179.78,0.2511,41.82,1.943
2021-01-07,39675.41,1244.42,0.3332,43.45,2.364
2021-01-08,40717.17,1217.07,0.3136,42.25,3.221
2021-01-09,40413.68,1291.12,0.3295,43.71,3.391
2021-01-10,38455.04,1272.87,0.3141,42.44,3.445
2021-01-11,34470.16,1059.98,0.2852,37.71,3.105
2021-01-12,33648.77,1049.95,0.2896,38.06,3.641
2021-01-13,37164.99,1116.87,0.3057,40.2,3.525
2021-01-14,38872.58,1197.78,0.2945,41.15,3.289
2021-01-15,36632.16,1165.48,0.2764,40.97,3.244
2021-01-16,36139.13,1232.47,0.2799,42.97,3.424
2021-01-17,36214.23,1246.39,0.2784,45.99,3.824
2021-01-18,36464.9,1240.82,0.2833,44.99,3.79
2021-01-19,36686.14,1411.21,0.3001,42.75,3.629
2021-01-20,35008.44,1335.87,0.2923,42.08,3.72
2021-01-21,30856.84,1134.76,0.2681,38.91,2.989
2021-01-22,32875.82,1225.99,0.2702,40.13,3.338
2021-01-23,32085.94,1237.08,0.2713,40.6,3.511
2021-01-24,32180.86,1369.55,0.2722,41.71,3.635
2021-01-25,32487.45,1328.37,0.2694,41.2,3.704
2021-01-26,32736.06,1361.49,0.2687,41.4,4.045
2021-01-27,30600.35,1254.36,0.2533,41.07,3.682
2021-01-28,33536.97,1350.21,0.2657,42.99,3.817
2021-01-29,34488.23,1395.54,0.2851,42.81,3.829
2021-01-30,34601.79,1388.99,0.4197,45.01,4.232
2021-01-31,33006.07,1312.07,0.4926,43.93,4.257
2021-02-01,33561.36,1359.95,0.3881,51.88,4.62
2021-02-02,35629.27,1535.64,0.3693,51.31,5.242
2021-02-03,37315.17,1638.34,0.3975,52.35,5.736
2021-02-04,37293.47,1627.67,0.4456,56.0,6.428
2021-02-05,37839.97,1704.2,0.4429,66.69,6.677
2021-02-06,40060.73,1704.24,0.4503,73.25,6.117
2021-02-07,38828.27,1599.61,0.4193,67.7,6.703
2021-02-08,44667.93,1716.53,0.448,79.02,7.863
2021-02-09,46880.5,1766.48,0.4705,110.61,7.811
2021-02-10,45229.53,1748.84,0.5137,127.37,9.096
2021-02-11,47709.69,1782.95,0.5248,123.79,9.197
2021-02-12,47951.53,1852.62,0.5968,135.65,9.242
2021-02-13,47141.16,1816.38,0.6295,133.27,8.744
2021-02-14,49113.17,1826.79,0.6063,136.17,8.731
2021-02-15,48259.33,1795.07,0.5629,130.5,8.854
2021-02-16,49134.75,1768.91,0.5144,129.51,8.3
2021-02-17,52142.73,1839.88,0.5408,167.28,8.236
2021-02-18,51876.35,1938.66,0.5358,193.97,8.978
2021-02-19,55466.76,1953.05,0.5608,327.68,11.49
2021-02-20,55509.93,1898.86,0.5005,243.58,9.984
2021-02-21,57354.87,1927.61,0.5403,292.74,11.08
2021-02-22,54157.86,1777.8,0.5707,267.1,14.43
2021-02-23,48697.14,1571.38,0.4674,225.06,15.23
2021-02-24,48885.21,1591.39,0.4658,247.12,17.21
2021-02-25,48125.8,1515.44,0.4502,241.45,13.82
2021-02-26,45526.6,1425.46,0.4231,216.48,13.6
2021-02-27,45874.17,1465.61,0.4357,223.91,13.2
2021-02-28,45272.13,1423.46,0.4163,208.64,13.12
2021-03-01,49169.25,1550.02,0.4444,254.43,14.98
2021-03-02,47845.16,1482.14,0.4331,236.97,13.96
2021-03-03,50601.83,1583.07,0.4489,242.02,14.08
2021-03-04,48251.0,1528.99,0.4675,229.69,13.05
2021-03-05,49094.77,1538.87,0.4604,228.03,12.55
2021-03-06,48959.95,1666.17,0.463,226.68,13.04
2021-03-07,50515.62,1679.45,0.4624,235.77,13.82
2021-03-08,51602.47,1788.68,0.4727,235.5,13.6
2021-03-09,54807.49,1846.24,0.4837,294.9,14.85
2021-03-10,56941.26,1831.86,0.466,282.99,14.24
2021-03-11,57954.85,1828.51,0.4526,290.61,16.04
2021-03-12,57253.43,1761.98,0.4378,264.28,14.55
2021-03-13,61086.16,1919.12,0.4586,276.6,15.3
2021-03-14,60209.01,1882.17,0.4458,268.79,14.47
2021-03-15,56148.67,1788.7,0.4377,254.96,14.18
2021-03-16,56308.07,1788.62,0.4602,256.71,13.64
2021-03-17,58356.59,1813.99,0.4708,264.87,14.21
2021-03-18,57695.57,1781.21,0.4701,263.69,14.21
2021-03-19,58531.77,1820.59,0.4702,264.22,14.15
2021-03-20,58538.37,1829.58,0.5358,266.32,14.19
2021-03-21,57637.37,1787.01,0.5214,264.33,14.34
2021-03-22,54574.88,1692.9,0.5561,258.07,14.79
2021-03-23,54395.13,1665.17,0.5485,254.7,14.16
2021-03-24,52596.73,1589.23,0.4799,247.72,13.59
2021-03-25,51757.9,1583.98,0.51,235.06,12.97
2021-03-26,54431.57,1683.8,0.5562,251.91,14.77
2021-03-27,56412.04,1724.43,0.5559,274.9,16.46
2021-03-28,55143.22,1674.16,0.5445,265.0,18.06
2021-03-29,57555.35,1808.21,0.561,273.32,18.92
2021-03-30,58761.78,1844.98,0.5662,308.62,19.1
2021-03-31,58949.35,1930.98,0.5606,300.11,19.39
2021-04-01,58755.89,1963.48,0.5633,332.17,19.05
2021-04-02,58774.31,2091.8,0.5979,337.28,19.76
2021-04-03,57679.01,2034.22,0.5857,323.23,22.44
2021-04-04,58115.01,2077.0,0.6164,351.25,23.84
2021-04-05,58673.43,2106.83,0.9017,371.41,22.97
2021-04-06,57927.25,2114.64,1.01,404.9,25.05
2021-04-07,56185.72,1996.36,0.9291,379.42,26.48
2021-04-08,57675.68,2049.58,1.043,415.15,26.94
2021-04-09,58340.46,2074.63,1.065,444.28,27.61
2021-04-10,59107.93,2114.9,1.331,476.21,26.8
2021-04-11,59546.6,2133.57,1.374,507.35,27.84
2021-04-12,60002.2,2146.95,1.383,598.06,28.54
2021-04-13,63137.94,2281.35,1.727,558.38,27.42
2021-04-14,62810.22,2425.62,1.814,542.75,26.4
2021-04-15,63460.86,2502.52,1.802,545.51,27.81
2021-04-16,61840.05,2454.19,1.644,522.55,25.33
2021-04-17,60773.59,2391.32,1.591,527.71,24.86
2021-04-18,56352.34,2221.21,1.382,476.7,32.37
2021-04-19,56337.85,2205.08,1.373,512.82,31.51
2021-04-20,57014.44,2341.33,1.407,575.36,31.75
2021-04-21,54816.2,2376.12,1.334,558.21,32.59
2021-04-22,51699.53,2416.81,1.19,509.77,38.9
2021-04-23,50439.98,2314.25,1.109,507.73,37.28
2021-04-24,50876.92,2284.78,1.095,508.35,40.9
2021-04-25,47694.45,2219.61,0.9902,485.94,47.44
2021-04-26,53384.26,2494.53,1.294,521.79,43.85
2021-04-27,55323.9,2646.38,1.418,568.92,43.21
2021-04-28,54857.8,2758.55,1.369,561.53,44.87
2021-04-29,53340.24,2740.39,1.395,590.36,42.5
2021-04-30,57046.48,2758.5,1.59,620.98,42.89
2021-05-01,57468.41,2921.26,1.62,617.07,49.56
2021-05-02,56701.56,2975.27,1.573,622.62,46.91
2021-05-03,57130.72,3330.91,1.555,671.86,45.96
2021-05-04,54386.58,3338.92,1.441,624.04,42.69
2021-05-05,56844.82,3430.5,1.571,645.13,45.02
2021-05-06,56386.41,3519.15,1.64,632.63,43.52
2021-05-07,57426.57,3479.8,1.57,623.33,43.2
2021-05-08,58863.02,3903.49,1.561,647.11,45.72
2021-05-09,58101.36,3907.37,1.521,660.65,44.38
2021-05-10,55755.62,4023.18,1.436,643.81,42.91
2021-05-11,56571.94,4127.99,1.462,663.33,44.64
2021-05-12,54579.29,4126.77,1.427,649.12,43.11
2021-05-13,49594.18,3757.06,1.31,563.94,40.97
2021-05-14,49864.94,4055.24,1.376,598.53,42.75
2021-05-15,48449.38,3811.03,1.548,582.23,43.48
2021-05-16,45245.65,3478.87,1.418,548.83,46.82
2021-05-17,43547.62,3266.54,1.494,512.75,46.65
2021-05-18,43010.06,3402.13,1.592,510.49,56.08
2021-05-19,38872.52,2597.2,1.144,373.78,35.09
2021-05-20,40704.35,2836.19,1.202,398.22,44.46
2021-05-21,36663.66,2390.66,0.9822,316.16,38.97
2021-05-22,38188.39,2368.15,0.9188,311.02,31.32
2021-05-23,34057.92,2096.89,0.787,255.6,24.61
2021-05-24,38641.79,2603.85,0.9217,335.89,31.37
2021-05-25,37983.34,2615.92,0.9477,334.74,30.06
2021-05-26,39102.29,2817.42,1.012,371.06,35.46
2021-05-27,39048.18,2784.08,0.9873,373.93,33.67
2021-05-28,35041.21,2371.64,0.87,320.26,28.99
2021-05-29,34679.95,2278.33,0.8225,305.47,27.38
2021-05-30,35961.72,2423.62,0.9079,329.49,28.57
2021-05-31,36966.57,2630.43,1.002,347.62,32.79
2021-06-01,36389.27,2594.63,1.007,356.16,30.96
2021-06-02,37809.74,2721.36,1.031,407.12,33.99
2021-06-03,38779.5,2819.25,1.036,419.29,39.6
2021-06-04,37220.06,2732.5,0.9845,398.5,37.4
2021-06-05,35000.07,2565.01,0.9029,377.67,39.64
2021-06-06,35940.32,2715.77,0.9407,393.18,42.2
2021-06-07,34136.83,2613.25,0.875,365.01,38.25
2021-06-08,33526.18,2522.05,0.8769,352.62,41.28
2021-06-09,36648.45,2582.9,0.8829,370.11,42.03
2021-06-10,36658.74,2480.42,0.8748,352.93,41.1
2021-06-11,36924.25,2344.01,0.8383,344.69,36.19
2021-06-12,35853.81,2406.36,0.8394,345.82,36.49
2021-06-13,38899.82,2522.84,0.8821,365.96,38.7
2021-06-14,40284.14,2572.97,0.8879,368.45,39.66
2021-06-15,39968.84,2531.62,0.8678,366.34,39.54
2021-06-16,38756.05,2412.04,0.8441,352.1,39.7
2021-06-17,37743.33,2347.58,0.8349,349.36,39.24
2021-06-18,35681.22,2220.59,0.7925,335.15,36.83
2021-06-19,35896.86,2208.13,0.7846,338.67,35.23
2021-06-20,35568.15,2255.14,0.772,338.73,35.29
2021-06-21,31499.8,1877.6,0.6242,280.73,26.63
2021-06-22,32496.3,1876.37,0.5521,263.44,26.97
2021-06-23,33381.18,1945.45,0.63,289.71,30.82
2021-06-24,34797.49,2000.01,0.6788,312.19,31.17
2021-06-25,31770.56,1847.35,0.6226,282.87,28.64
2021-06-26,31445.12,1773.96,0.6026,271.82,29.74
2021-06-27,32844.97,1834.75,0.6078,273.55,31.92
2021-06-28,34690.38,2126.94,0.6531,296.24,33.0
2021-06-29,36249.43,2214.91,0.7168,306.98,33.96
2021-06-30,34809.39,2264.76,0.6898,299.11,35.52
2021-07-01,33505.08,2128.83,0.6646,288.35,33.3
2021-07-02,33465.91,2108.47,0.6482,283.9,34.0
2021-07-03,34595.26,2196.29,0.6752,297.86,34.5
2021-07-04,35866.53,2381.21,0.7078,314.6,34.29
2021-07-05,34169.84,2244.24,0.6671,306.31,32.91
2021-07-06,33766.68,2288.01,0.6558,314.94,34.23
2021-07-07,34250.12,2345.98,0.6608,334.22,36.67
2021-07-08,32686.88,2102.56,0.6165,311.15,33.15
2021-07-09,33871.27,2146.33,0.6339,316.26,33.29
2021-07-10,33431.63,2104.94,0.6232,314.39,31.7
2021-07-11,34473.46,2165.0,0.6409,325.96,32.16
2021-07-12,32868.73,2029.92,0.625,313.82,30.77
2021-07-13,32583.88,1944.77,0.6185,307.6,29.14
2021-07-14,32861.26,1995.23,0.6205,309.09,31.36
2021-07-15,31730.85,1921.83,0.6002,317.58,28.54
2021-07-16,31745.52,1895.88,0.5953,304.51,26.31
2021-07-17,31728.59,1908.35,0.5877,302.79,26.81
2021-07-18,31847.65,1913.77,0.5905,307.67,26.7
2021-07-19,30783.38,1813.01,0.5576,281.27,24.51
2021-07-20,29702.2,1786.2,0.5318,266.54,23.46
2021-07-21,31841.66,1951.36,0.5615,286.34,26.65
2021-07-22,32163.44,2008.64,0.5905,293.29,27.71
2021-07-23,32647.71,2056.32,0.593,289.82,28.51
2021-07-24,34124.62,2169.81,0.6074,299.66,28.65
2021-07-25,34587.33,2162.05,0.6026,299.73,28.25
2021-07-26,37115.72,2233.91,0.6264,305.03,28.19
2021-07-27,38284.35,2262.49,0.6382,309.25,28.11
2021-07-28,40102.8,2304.4,0.7093,312.78,27.87
2021-07-29,39560.89,2311.67,0.7137,313.18,31.26
2021-07-30,41175.53,2441.6,0.748,320.05,32.34
2021-07-31,41980.21,2538.03,0.7563,337.93,36.72
2021-08-01,41092.28,2655.37,0.7573,341.03,34.2
2021-08-02,39210.46,2613.44,0.7377,330.96,33.17
2021-08-03,38322.67,2491.1,0.7142,322.27,34.11
2021-08-04,39833.77,2720.67,0.7352,335.3,35.78
2021-08-05,40926.51,2825.62,0.734,338.13,37.36
2021-08-06,42482.75,2883.9,0.7401,338.91,39.52
2021-08-07,43644.25,3074.71,0.8007,350.48,39.44
2021-08-08,44260.26,3038.11,0.7921,343.36,37.69
2021-08-09,45719.19,3095.82,0.8114,351.88,38.71
2021-08-10,45726.46,3171.89,0.8527,373.58,40.64
2021-08-11,46371.31,3235.54,1.033,400.71,41.66
2021-08-12,44249.34,3042.57,0.9516,384.43,41.09
2021-08-13,47588.08,3281.21,1.061,404.32,44.89
2021-08-14,47049.75,3268.37,1.249,409.68,44.14
2021-08-15,46886.01,3262.43,1.297,410.75,53.53
2021-08-16,46069.78,3174.22,1.2,420.11,62.06
2021-08-17,44776.7,3024.19,1.116,404.39,64.18
2021-08-18,44621.77,3011.34,1.124,393.6,72.79
2021-08-19,46623.04,3164.22,1.216,428.86,72.82
2021-08-20,49303.87,3292.56,1.268,457.32,78.6
2021-08-21,49209.17,3253.72,1.225,451.93,73.89
2021-08-22,48713.75,3168.2,1.203,443.63,72.8
2021-08-23,49563.33,3340.72,1.244,508.64,75.69
2021-08-24,48200.97,3197.69,1.164,476.45,70.58
2021-08-25,49076.18,3221.39,1.163,502.99,71.96
2021-08-26,47263.73,3136.16,1.104,484.44,74.85
2021-08-27,48999.27,3276.57,1.166,493.88,88.1
2021-08-28,48972.05,3249.44,1.149,487.85,96.25
2021-08-29,48912.45,3243.44,1.153,480.46,94.29
2021-08-30,48407.41,3332.63,1.141,477.94,110.23
2021-08-31,46958.78,3407.69,1.183,462.79,108.28
2021-09-01,48447.06,3766.3,1.219,487.57,110.74
2021-09-02,49831.8,3830.16,1.274,489.49,128.29
2021-09-03,50250.58,3934.65,1.304,490.27,146.36
2021-09-04,50227.48,3891.81,1.263,500.44,138.89
2021-09-05,51728.37,3955.11,1.295,503.68,142.01
2021-09-06,52114.15,3957.72,1.41,499.19,164.24
2021-09-07,46502.89,3366.81,1.097,410.59,173.22
2021-09-08,46076.86,3463.72,1.085,413.5,191.01
2021-09-09,46487.16,3456.79,1.104,422.04,187.7
2021-09-10,44618.11,3188.15,1.043,398.41,179.5
2021-09-11,45403.88,3299.29,1.088,409.91,179.1
2021-09-12,45287.95,3337.26,1.094,409.99,174.4
2021-09-13,45162.28,3280.62,1.07,400.73,169.66
2021-09-14,46689.74,3351.86,1.076,406.78,158.92
2021-09-15,48183.23,3564.09,1.121,430.03,158.66
2021-09-16,47672.82,3558.76,1.084,422.18,152.11
2021-09-17,47246.82,3401.66,1.066,405.57,147.49
2021-09-18,47908.27,3391.86,1.071,408.83,169.36
2021-09-19,47461.24,3343.82,1.068,412.74,152.86
2021-09-20,43507.05,3017.66,0.9276,366.22,132.08
2021-09-21,41435.94,2825.3,0.9023,352.33,124.04
2021-09-22,43259.93,3037.08,0.9949,377.24,148.18
2021-09-23,44692.63,3145.59,0.9893,381.61,150.0
2021-09-24,42953.04,2960.41,0.9542,357.82,139.28
2021-09-25,42724.43,2915.95,0.939,349.28,136.16
2021-09-26,43581.93,3087.85,0.9469,348.84,135.84
2021-09-27,43096.22,2996.86,0.9378,341.54,136.35
2021-09-28,41877.43,2882.7,0.9183,338.88,132.21
2021-09-29,41250.15,2822.8,0.9176,363.55,135.3
2021-09-30,43774.71,3006.41,0.9506,386.0,141.32
2021-10-01,48378.75,3325.35,1.048,421.69,161.67
2021-10-02,48168.25,3449.2,1.058,436.71,168.99
2021-10-03,47809.81,3394.98,1.045,426.98,173.06
2021-10-04,48921.92,3397.08,1.035,425.4,167.21
2021-10-05,51762.19,3540.82,1.077,442.62,164.63
2021-10-06,55108.19,3584.88,1.08,433.92,153.92
2021-10-07,54293.55,3636.4,1.078,444.21,154.35
2021-10-08,54190.68,3574.41,1.06,419.71,158.83
2021-10-09,54865.73,3590.57,1.17,421.74,156.82
2021-10-10,54866.04,3461.85,1.149,407.39,147.67
2021-10-11,57143.78,3515.89,1.129,410.67,144.92
2021-10-12,56046.72,3485.68,1.101,439.44,152.43
2021-10-13,57516.62,3573.66,1.119,462.25,148.06
2021-10-14,57758.19,3776.87,1.133,470.15,150.01
2021-10-15,61199.95,3841.68,1.138,472.89,163.17
2021-10-16,60704.21,3816.06,1.134,464.85,157.56
2021-10-17,60609.91,3764.97,1.085,466.46,160.04
2021-10-18,61780.07,3744.01,1.086,482.05,157.15
2021-10-19,64094.95,3812.8,1.085,485.13,155.89
2021-10-20,65813.09,4118.53,1.139,501.72,176.81
2021-10-21,62698.17,4088.57,1.1,476.14,190.25
2021-10-22,60414.78,3949.75,1.08,475.9,196.22
2021-10-23,61040.65,4090.31,1.09,482.02,197.73
2021-10-24,60964.75,4079.05,1.08,476.13,202.3
2021-10-25,62839.91,4191.91,1.09,484.42,209.85
2021-10-26,60734.57,4203.26,1.127,480.94,199.72
2021-10-27,58801.19,3996.54,1.015,454.68,184.52
2021-10-28,60732.61,4252.96,1.057,490.04,194.85
2021-10-29,62384.75,4419.64,1.082,530.94,200.41
2021-10-30,61503.46,4290.52,1.076,524.44,195.91
2021-10-31,61428.18,4296.92,1.112,525.52,202.66
2021-11-01,61140.2,4311.18,1.095,544.56,203.51
2021-11-02,62980.01,4548.74,1.126,557.1,221.14
2021-11-03,62811.45,4592.55,1.199,566.75,243.02
2021-11-04,61186.79,4518.87,1.191,558.15,247.17
2021-11-05,61133.95,4485.12,1.161,607.28,236.34
2021-11-06,61402.83,4506.21,1.151,630.19,258.63
2021-11-07,62832.63,4595.86,1.214,645.27,249.76
2021-11-08,66539.23,4780.08,1.275,652.23,248.35
2021-11-09,67305.13,4754.59,1.27,636.74,239.03
2021-11-10,65145.62,4642.88,1.201,610.12,233.62
2021-11-11,65210.86,4752.39,1.228,632.49,233.51
2021-11-12,63929.0,4643.84,1.189,623.54,228.64
2021-11-13,64258.57,4639.88,1.187,650.67,241.66
2021-11-14,64526.58,4575.15,1.183,648.68,238.71
2021-11-15,63962.9,4581.38,1.18,637.1,238.17
2021-11-16,60615.35,4261.5,1.1,591.71,219.09
2021-11-17,59992.05,4237.59,1.093,575.16,218.95
2021-11-18,56614.61,3972.22,1.037,529.15,195.24
2021-11-19,57906.76,4285.35,1.085,581.43,215.39
2021-11-20,59779.29,4415.65,1.096,604.04,217.89
2021-11-21,59160.08,4315.69,1.071,589.18,230.56
2021-11-22,56741.71,4116.46,1.047,563.92,215.78
2021-11-23,57586.02,4334.96,1.069175,593.121,221.94
2021-11-24,57010.68,4246.73,1.0254,588.498,205.1625
2021-11-25,58931.25,4520.51,1.046775,639.848,209.9825
2021-11-26,54098.98,4069.7,0.947625,590.289,193.89
2021-11-27,54917.54,4119.5,0.94895,607.821,194.8475
2021-11-28,56094.7,4225.99,0.9474,603.022,196.0075
2021-11-29,58117.12,4442.2,0.9963,623.605,204.655
2021-11-30,57345.01,4660.0,1.005925,626.764,210.26
2021-12-01,57077.67,4565.3,0.990325,624.497,226.0
2021-12-02,56887.65,4547.18,0.9799,624.209,238.1675
2021-12-03,53440.27,4199.0,0.921825,591.97,210.6975
2021-12-04,49303.19,4098.1,0.8489,564.597,203.78
2021-12-05,49338.3,4165.8,0.8028,554.657,190.79
2021-12-06,50891.36,4340.2,0.82965,590.029,196.5325
2021-12-07,50261.86,4269.1,0.807975,573.817,189.55
2021-12-08,50230.87,4390.7,0.8553,598.138,193.22
2021-12-09,47958.52,4166.3,0.8749,577.802,183.345
2021-12-10,47523.61,3959.7,0.81725,562.714,171.1525
2021-12-11,48854.78,4025.9,0.832275,561.2,170.58
2021-12-12,50330.79,4158.2,0.84545,571.0,174.3125
2021-12-13,46913.46,3795.0,0.786,529.823,157.19
2021-12-14,48285.9,3839.0,0.813175,526.801,158.96
2021-12-15,48752.81,4002.24,0.825495,537.7224,176.2257
2021-12-16,47830.03,4009.773,0.812244,533.36,180.7742
2021-12-17,46533.98,3896.158,0.802521,528.3112,177.541
2021-12-18,46807.88,3974.519,0.82593,535.6142,182.8231
2021-12-19,47360.86,3981.95,0.840336,533.6667,183.2733
2021-12-20,46792.05,3893.388,0.869661,521.9565,173.1519
2021-12-21,49286.28,4029.741,0.957283,531.1124,181.4726
2021-12-22,48997.68,4003.331,0.966283,539.0694,181.5007
2021-12-23,50777.37,4096.897,1.001801,548.8743,190.065
2021-12-24,50785.3,4055.837,0.906853,543.2257,190.9245
2021-12-25,50633.48,4088.245,0.92487,547.719,191.4365
2021-12-26,50999.91,4084.441,0.922361,548.3741,198.9794
2021-12-27,51035.36,4064.609,0.93228,570.7712,198.6496
2021-12-28,47701.16,3811.372,0.858072,536.0072,179.4559
2021-12-29,47284.05,3723.545,0.832366,520.004,174.6249
2021-12-30,47083.41,3704.381,0.836167,517.7035,171.7043
2021-12-31,46308.62,3682.218,0.824882,511.5512,170.247
2022-01-01,47450.24,3758.352,0.847369,525.6051,177.2955
2022-01-02,47264.84,3828.456,0.856171,531.5063,176.8354
2022-01-03,46222.53,3752.365,0.833583,512.6513,170.097
2022-01-04,46155.29,3816.248,0.829817,510.049,168.9231
2022-01-05,43439.93,3533.647,0.760424,475.7524,151.4249
2022-01-06,43176.65,3429.127,0.783622,476.4524,151.9648
2022-01-07,41537.67,3181.512,0.761724,447.9552,136.7863
2022-01-08,41912.12,3118.72,0.7537,435.1,144.26
2022-01-09,42205.36,3179.29,0.7585,440.2,141.43
2022-01-10,41604.98,3062.38,0.7343,423.1,134.98
2022-01-11,42717.4,3232.513,0.768177,461.6462,140.264
2022-01-12,43860.48,3364.245,0.797819,485.3941,152.1708
2022-01-13,42614.48,3248.409,0.768507,476.9907,146.7287
2022-01-14,43263.54,3314.214,0.777633,490.4471,147.0141
2022-01-15,43259.02,3339.269,0.781891,496.1479,148.5542
2022-01-16,43207.28,3349.729,0.779512,499.3997,147.8791
2022-01-17,42094.02,3193.857,0.759604,473.5894,139.1656
2022-01-18,42495.57,3180.244,0.756927,472.9418,140.9123
2022-01-19,41989.48,3127.998,0.743623,468.5405,137.0611
2022-01-20,41175.47,3061.442,0.733847,447.8896,132.0764
2022-01-21,36138.81,2547.054,0.63389,382.1146,110.3731
2022-01-22,34885.46,2380.414,0.586176,355.1065,93.278
2022-01-23,35518.32,2445.989,0.609622,371.2742,96.10922
2022-01-24,36382.17,2413.674,0.608482,368.2104,92.21766
2022-01-25,36796.39,2438.259,0.62041,382.291,93.51673
2022-01-26,36535.42,2439.693,0.61637,373.2238,91.79504
2022-01-27,36727.23,2384.882,0.601901,387.6937,88.46421
2022-01-28,37667.11,2515.503,0.607321,384.1768,90.35807
2022-01-29,38154.67,2600.95,0.617885,389.9169,95.41862
2022-01-30,37800.89,2576.73,0.60134,376.3505,92.96717
2022-01-31,38431.67,2681.34,0.608904,376.188,99.94995
2022-02-01,38717.66,2789.783,0.628577,386.0315,109.96594
2022-02-02,37036.9,2681.311,0.603182,369.5323,101.29108
2022-02-03,36951.63,2661.77,0.605603,369.3846,100.6503
2022-02-04,40674.24,2957.884,0.641012,396.1166,110.05798
2022-02-05,41604.83,3021.102,0.6673,414.5486,114.80884
2022-02-06,41611.97,2990.716,0.672069,411.6646,112.83512
2022-02-07,44096.97,3153.856,0.825878,435.0043,118.16266
2022-02-08,44102.46,3117.143,0.862776,410.6693,113.1718
2022-02-09,44606.76,3254.486,0.896986,423.6655,115.0865
2022-02-10,43980.32,3118.031,0.844991,419.6936,108.1256
2022-02-11,42167.65,2894.868,0.753226,394.2182,95.6187
2022-02-12,42196.6,2917.068,0.827814,403.4016,96.1981
2022-02-13,42405.43,2904.782,0.812987,400.1399,93.8663
2022-02-14,42690.91,2942.691,0.803301,403.7018,96.8984
2022-02-15,44195.68,3127.695,0.829197,430.258,102.7116
2022-02-16,44032.5,3137.838,0.84022,428.3141,102.6213
2022-02-17,40737.02,2901.179,0.777344,405.2835,94.1559
2022-02-18,39964.42,2776.215,0.785571,397.9386,89.90391
2022-02-19,40035.4,2744.442,0.817909,399.0994,90.70533
2022-02-20,38838.25,2653.536,0.791396,384.9924,93.05651
2022-02-21,37562.07,2619.289,0.726763,363.4817,85.28262
2022-02-22,37936.29,2605.032,0.710155,370.9854,85.12254
2022-02-23,37670.82,2638.572,0.705423,371.2226,86.63195
2022-02-24,37885.21,2567.256,0.679372,354.9419,87.22488
2022-02-25,39454.36,2794.807,0.753877,375.0874,94.8474
2022-02-26,39160.85,2796.248,0.751075,373.6494,90.75629
2022-02-27,37825.79,2630.365,0.721761,363.2815,85.51273
2022-02-28,42965.94,2890.906,0.777311,392.8571,98.19926
2022-03-01,44168.92,2975.002,0.787136,407.6223,98.00939
2022-03-02,44076.21,2961.092,0.769154,409.5819,101.09021
2022-03-03,42493.2,2834.577,0.75135,402.4805,95.73914
2022-03-04,39016.43,2612.494,0.713414,375.3126,88.45653
2022-03-05,39476.78,2670.761,0.753726,384.7154,90.07701
2022-03-06,38985.79,2629.869,0.740422,380.7142,85.76572
2022-03-07,38222.93,2504.621,0.723717,382.1146,82.26467
2022-03-08,38560.0,2568.904,0.719144,380.3761,81.76635
2022-03-09,41900.45,2716.942,0.761376,391.8392,87.87879
2022-03-10,39457.84,2613.445,0.741597,372.4489,83.45337
2022-03-11,38924.47,2570.934,0.804361,373.4747,81.13622
2022-03-12,39105.89,2587.559,0.791179,375.0375,81.86819
2022-03-13,37750.36,2506.222,0.760228,362.4087,78.3435
2022-03-14,39331.61,2571.284,0.772654,369.5739,80.80616
2022-03-15,39481.83,2622.537,0.76553,372.1116,83.33499
2022-03-16,40895.26,2747.754,0.785436,383.1149,85.95578
2022-03-17,41008.32,2820.72,0.794497,391.5957,88.51423
2022-03-18,41707.99,2932.736,0.796698,395.8978,88.93444
2022-03-19,41971.3,2936.864,0.815426,399.1596,92.48698
2022-03-20,41428.88,2877.02,0.809224,393.0572,89.43576
2022-03-21,41136.46,2909.203,0.836635,396.7586,88.75549
2022-03-22,42550.0,3001.14,0.83982,406.4031,91.54575
2022-03-23,42509.91,3005.772,0.835334,406.6626,94.37774
2022-03-24,43969.42,3112.284,0.844138,414.0656,102.42095
2022-03-25,44321.64,3100.509,0.824312,410.5052,98.049
2022-03-26,44381.89,3135.544,0.831833,414.5658,101.40054
2022-03-27,46562.57,3278.491,0.852641,426.9707,105.32211
2022-03-28,47633.04,3380.802,0.888055,434.4737,110.2941
2022-03-29,47295.35,3377.188,0.856828,432.7163,111.17556
2022-03-30,47001.6,3389.066,0.856357,442.7328,120.20605
2022-03-31,45766.34,3287.877,0.817964,429.4859,124.4149
2022-04-01,46323.59,3452.751,0.833033,444.0776,137.7851
2022-04-02,46249.5,3479.491,0.832033,442.3769,136.5146
2022-04-03,46853.01,3527.41,0.845538,450.18,137.525
2022-04-04,46458.36,3509.232,0.825365,445.9892,131.3763
2022-04-05,45958.15,3453.875,0.822282,449.945,129.896
2022-04-06,43845.81,3226.46,0.7757,426.4,117.24
2022-04-07,43524.41,3219.202,0.782178,435.5435,117.3117
2022-04-08,42580.38,3223.249,0.760404,425.9703,111.8347
2022-04-09,42570.84,3238.311,0.762629,422.4267,110.2831
2022-04-10,42678.19,3270.654,0.761252,423.8848,112.7525
2022-04-11,39400.62,2966.24,0.685105,393.1179,98.5996
2022-04-12,39701.73,3010.633,0.705641,413.0239,103.0306
2022-04-13,41232.09,3106.822,0.722117,422.2266,104.6114
2022-04-14,39973.99,3019.592,0.722672,416.2416,100.7601
2022-04-15,40434.08,3035.807,0.779756,417.4835,101.1202
2022-04-16,40490.08,3047.739,0.779056,417.0834,102.1104
2022-04-17,40216.18,3055.451,0.771554,414.3829,102.8006
2022-04-18,40813.53,3043.463,0.761929,417.1251,101.7705
2022-04-19,41321.34,3099.77,0.771854,420.6841,107.0914
2022-04-20,41504.75,3085.017,0.754251,419.4839,107.1214
2022-04-21,40730.54,3002.77,0.735874,406.3406,101.7602
2022-04-22,39619.18,2964.696,0.719672,408.0408,101.0101
2022-04-23,39902.99,2967.413,0.712671,405.9812,102.2204
2022-04-24,39641.31,2946.369,0.70124,401.3803,100.04
2022-04-25,40235.63,3008.592,0.692438,403.1403,100.22
2022-04-26,38333.86,2840.804,0.652065,386.9387,97.2697
2022-04-27,39225.89,2887.829,0.649565,390.539,98.4198
2022-04-28,39848.71,2936.22,0.6437,405.9,98.08
2022-04-29,38564.01,2808.091,0.610361,392.2392,93.8394
2022-04-30,38301.14,2795.58,0.611061,388.9,90.0
2022-05-01,38342.63,2808.61,0.6011,388.0,88.85
2022-05-02,38643.53,2866.417,0.618962,389.1389,87.8488
2022-05-03,37791.8,2786.931,0.60274,383.0617,86.30137
2022-05-04,39741.07,2935.35,0.6431,402.1,91.77
2022-05-05,36451.28,2737.672,0.595481,377.2245,84.4631
2022-05-06,35956.29,2689.101,0.59784,379.962,81.89181
2022-05-07,35088.99,2630.924,0.582084,365.6269,79.04419
2022-05-08,34450.36,2554.813,0.574028,359.1922,76.42706
2022-05-09,30800.7,2273.315,0.4985,307.4385,65.9668
2022-05-10,30286.12,2264.744,0.497101,309.6761,63.83446
2022-05-11,28893.19,2083.323,0.405693,269.001,46.69658
2022-05-12,28368.39,1908.573,0.373489,265.8802,42.47501
2022-05-13,29995.57,2073.469,0.438653,298.6914,51.05306
2022-05-14,29661.39,2024.991,0.421609,288.7951,50.90863
2022-05-15,31029.62,2132.614,0.441326,308.5983,57.3853
2022-05-16,30135.19,2047.715,0.428043,300.3091,54.86858
2022-05-17,30512.09,2084.217,0.437331,305.003,56.42655
2022-05-18,29152.05,1958.9,0.413262,293.6178,50.82384
2022-05-19,30245.95,2011.896,0.417682,305.1945,51.80814
2022-05-20,29148.57,1957.448,0.410107,302.2369,49.66034
2022-05-21,29314.4,1965.691,0.411764,311.3947,49.4756
2022-05-22,29981.68,2014.31,0.418198,316.4198,51.63796
2022-05-23,29311.11,1991.807,0.413104,324.3104,50.19969
2022-05-24,29548.3,1980.991,0.409068,328.1728,49.64538
2022-05-25,29789.19,1965.529,0.40761,328.7051,48.67152
2022-05-26,29546.38,1831.723,0.397163,311.7879,44.32563
2022-05-27,28690.59,1733.345,0.384215,301.5981,41.5584
2022-05-28,28983.51,1782.362,0.38445,307.8394,43.8786
2022-05-29,29203.48,1801.536,0.387573,303.3659,44.58091
2022-05-30,31780.48,1988.858,0.415268,321.4426,47.38206
2022-05-31,31682.33,1944.873,0.420264,318.8447,45.55353
2022-06-01,29564.09,1797.501,0.394844,297.9316,40.33367
2022-06-02,30340.05,1826.375,0.401938,306.1242,40.77327
2022-06-03,29786.17,1787.134,0.392558,298.8398,38.73627
2022-06-04,29823.65,1786.301,0.392302,300.0718,38.67059
2022-06-05,29937.06,1810.974,0.395927,300.4173,39.58315
2022-06-06,31462.1,1871.568,0.403357,297.1472,43.00342
2022-06-07,31383.37,1839.709,0.408569,291.8634,40.36728
2022-06-08,30404.47,1808.384,0.402738,289.6116,39.22449
2022-06-09,30113.99,1792.963,0.400463,289.4567,39.92643
2022-06-10,29162.63,1676.202,0.384008,285.9335,37.80155
2022-06-11,28528.78,1537.72,0.364787,271.0933,34.35114
2022-06-12,27335.68,1472.666,0.353864,261.3781,31.96064
2022-06-13,23031.69,1228.091,0.314462,224.5874,28.0909
2022-06-14,21463.24,1167.917,0.312624,215.9406,28.24606
2022-06-15,22157.83,1223.672,0.333299,225.9606,33.04037
2022-06-16,20985.89,1102.814,0.31509,215.7192,31.78862
2022-06-17,20533.07,1080.971,0.321214,215.541,31.24246
2022-06-18,18494.65,941.84,0.304905,193.7856,29.23257
2022-06-19,20369.12,1130.279,0.325476,213.2225,34.38524
2022-06-20,20395.99,1102.066,0.319049,214.0643,34.47204
2022-06-21,20950.45,1128.607,0.328538,221.1565,36.26007
2022-06-22,19985.28,1058.131,0.323177,215.5842,34.7652
2022-06-23,20667.06,1121.138,0.331768,226.1736,37.29267
2022-06-24,21295.54,1223.965,0.369911,240.4123,41.91728
2022-06-25,21495.68,1248.066,0.367143,239.3323,42.14048
2022-06-26,21368.59,1237.942,0.366073,238.7519,40.80469
2022-06-27,20784.58,1198.363,0.353285,233.5919,38.44575
2022-06-28,20368.15,1165.783,0.343077,232.4115,36.07521
2022-06-29,20270.78,1112.642,0.331399,221.0322,34.15862
2022-06-30,18797.22,1020.574,0.319716,211.1463,31.81687
2022-07-01,19375.68,1067.045,0.313555,217.7602,32.95371
2022-07-02,19332.02,1071.782,0.316819,219.0368,33.98986
2022-07-03,19279.71,1074.911,0.320882,218.8152,33.2616
2022-07-04,19934.81,1133.918,0.325409,228.4256,35.90117
2022-07-05,20350.7,1151.482,0.325741,232.0445,35.99037
2022-07-06,20332.51,1160.642,0.329337,237.8381,36.21012
2022-07-07,21654.4,1238.896,0.343494,242.2546,38.52687
2022-07-08,21706.84,1229.252,0.341095,241.455,38.38695
2022-07-09,21695.82,1220.807,0.345992,243.4538,38.307
2022-07-10,21022.87,1176.754,0.326604,234.5592,37.18378
2022-07-11,20224.12,1120.76,0.318113,228.8938,34.61672
2022-07-12,19328.69,1039.619,0.310689,221.8779,32.84442
2022-07-13,19908.88,1089.359,0.32211,226.0963,34.05892
2022-07-14,20468.05,1181.491,0.326604,237.3575,36.54116
2022-07-15,20960.89,1256.223,0.336899,239.5281,37.97041
2022-07-16,21190.78,1344.816,0.352194,249.0253,39.28611
2022-07-17,21016.7,1365.465,0.350209,250.2349,39.25299
2022-07-18,21653.39,1486.748,0.356618,257.4408,40.39041
2022-07-19,23656.48,1575.932,0.37416,271.3434,45.16543
2022-07-20,23608.53,1545.447,0.366018,262.5131,43.37807
2022-07-21,23212.42,1589.717,0.367092,265.1663,43.31673
2022-07-22,22739.13,1538.938,0.357779,263.758,40.84938
2022-07-23,22249.04,1516.588,0.354467,255.4485,39.31837
2022-07-24,22811.49,1622.568,0.364169,264.5529,41.48298
2022-07-25,22026.96,1514.241,0.345728,253.5203,38.56999
2022-07-26,20944.96,1380.523,0.33205,244.2342,35.27029
2022-07-27,22680.95,1607.356,0.355485,269.1646,39.50488
2022-07-28,23931.75,1745.059,0.372574,277.8556,43.37867
2022-07-29,23828.87,1716.924,0.368351,296.9217,41.82484
2022-07-30,23868.85,1692.715,0.391233,288.7982,44.80663
2022-07-31,23595.85,1703.892,0.387289,286.7659,43.69615
2022-08-01,23027.45,1624.727,0.377913,281.4844,41.347
2022-08-02,23097.65,1657.262,0.375664,285.1485,41.09008
2022-08-03,23274.31,1635.719,0.374594,302.1755,39.46006
2022-08-04,22496.04,1586.758,0.368111,309.2093,38.47925
2022-08-05,23111.39,1698.773,0.373871,315.5599,40.27355
2022-08-06,23183.94,1717.688,0.374282,319.1702,40.69675
2022-08-07,23315.4,1717.736,0.375571,323.3614,41.29935
2022-08-08,23852.22,1769.822,0.381146,324.3389,42.42859
2022-08-09,23195.85,1707.041,0.368574,325.9652,40.57381
2022-08-10,23966.22,1861.23,0.37981,329.3955,42.33917
2022-08-11,24195.31,1899.762,0.380879,326.5534,43.29444
2022-08-12,24125.53,1923.594,0.377173,324.149,44.42363
2022-08-13,24508.51,1987.785,0.379148,326.3272,46.45031
2022-08-14,24352.35,1948.935,0.378814,318.8956,45.32495
2022-08-15,24031.01,1903.656,0.373693,318.7765,43.74703
2022-08-16,23950.75,1879.929,0.376234,316.8285,43.18249
2022-08-17,23332.88,1840.179,0.376726,306.5215,40.43643
2022-08-18,23363.27,1869.139,0.378004,303.503,40.99591
2022-08-19,21024.57,1645.165,0.335634,279.628,36.09631
2022-08-20,21121.05,1569.109,0.337693,283.0943,35.0868
2022-08-21,21534.39,1621.678,0.347093,300.994,36.94276
2022-08-22,21097.37,1571.637,0.338539,297.7464,34.58267
2022-08-23,21489.23,1648.873,0.345407,298.406,35.38061
2022-08-24,21594.09,1670.73,0.349431,297.6268,35.77622
2022-08-25,21584.46,1701.471,0.34981,301.9091,35.55207
2022-08-26,20641.09,1556.136,0.342394,284.5285,32.81878
2022-08-27,19891.84,1462.694,0.33411,274.6082,31.17884
2022-08-28,19965.24,1477.15,0.33426,281.4,31.568
2022-08-29,20205.89,1542.288,0.332203,284.3199,31.97314
2022-08-30,19882.11,1537.048,0.327659,281.9254,31.43403
2022-08-31,20281.98,1579.524,0.331037,282.2972,32.16038
2022-09-01,20083.7,1581.405,0.33202,276.7834,31.40482
2022-09-02,19978.97,1579.967,0.331,276.2414,31.19548
2022-09-03,19751.75,1552.265,0.329203,276.9277,31.0452
2022-09-04,19857.22,1570.6,0.33103,277.8,31.7685
2022-09-05,19752.39,1597.19,0.331543,275.3275,32.12921
2022-09-06,18979.92,1584.59,0.32409,265.2,31.1909
2022-09-07,19364.71,1645.975,0.335123,278.8195,32.56918
2022-09-08,19334.58,1639.496,0.341061,280.6421,33.60514
2022-09-09,21257.79,1714.72,0.350569,289.8985,34.60166
2022-09-10,21606.77,1751.023,0.357898,294.756,34.67179
2022-09-11,21515.02,1732.966,0.351584,291.4699,34.47827
2022-09-12,22341.3,1716.799,0.357044,292.7527,37.43474
2022-09-13,20133.2,1596.092,0.334907,278.3056,33.86088
2022-09-14,20206.75,1620.775,0.343686,279.4699,34.0083
2022-09-15,19828.37,1490.286,0.32787,271.6755,33.357
2022-09-16,19744.42,1439.636,0.344366,273.9726,32.16688
2022-09-17,20034.49,1452.57,0.3739,277.9,33.2501
2022-09-18,19463.51,1333.51,0.3771,266.5,31.3801
2022-09-19,19519.52,1377.968,0.384038,268.9269,32.78338
2022-09-20,18898.24,1322.252,0.409041,266.2266,31.66407
2022-09-21,18468.2,1252.98,0.3903,264.4,30.7298
2022-09-22,19173.59,1307.39,0.4826,273.4,32.1101
2022-09-23,19008.81,1325.827,0.515648,274.9725,33.49675
2022-09-24,18952.3,1323.366,0.49464,276.2221,33.46608
2022-09-25,18744.7,1285.51,0.494,272.4,32.517
2022-09-26,19096.36,1317.18,0.4698,274.1,33.3705
2022-09-27,18992.69,1321.888,0.446855,272.3728,32.63414
2022-09-28,19618.79,1345.43,0.4478,282.1,33.288
2022-09-29,19432.79,1332.813,0.49895,282.4282,33.76908
2022-09-30,19360.17,1323.18,0.4821,281.3,33.2901
2022-10-01,19288.32,1313.22,0.47715,283.2,32.6667
2022-10-02,19197.09,1300.63,0.4591,285.8,32.4891
2022-10-03,19555.18,1318.162,0.461506,285.7286,32.9906
2022-10-04,20296.28,1358.147,0.478614,295.7887,34.07752
2022-10-05,20055.41,1348.53,0.492969,292.7585,33.73685
2022-10-06,19913.3,1351.71,0.492604,279.7475,33.43128
2022-10-07,19572.74,1333.667,0.511672,282.8396,33.04453
2022-10-08,19322.65,1307.68,0.516114,276.5719,32.50835
2022-10-09,19482.2,1321.714,0.536407,278.3557,32.93669
2022-10-10,19243.53,1306.599,0.516288,274.9725,32.38656
2022-10-11,19004.52,1276.395,0.489556,270.173,31.21678
2022-10-12,19181.56,1299.909,0.488975,271.1081,31.20084
2022-10-13,19403.55,1294.974,0.486739,273.0218,30.64925
2022-10-14,19108.47,1292.032,0.482019,268.3107,29.74129
2022-10-15,19070.1,1275.497,0.482124,268.2134,29.72189
2022-10-16,19148.52,1293.302,0.471859,271.3109,29.948
2022-10-17,19515.39,1330.657,0.47621,274.9055,30.98052
2022-10-18,19296.17,1310.632,0.465428,273.0164,30.18191
2022-10-19,19194.98,1294.49,0.4613,273.4,29.6416
2022-10-20,19070.86,1284.552,0.442156,269.0812,28.27812
2022-10-21,19155.91,1299.174,0.452236,269.3215,28.01954
2022-10-22,19204.4,1317.259,0.464682,270.3243,28.01042
2022-10-23,19540.98,1336.804,0.46316,275.1385,28.85355
2022-10-24,19366.35,1348.884,0.456768,273.4109,28.48844
2022-10-25,20234.41,1482.154,0.461848,287.492,31.11986
2022-10-26,20745.34,1551.154,0.468231,289.7811,31.23624
2022-10-27,20407.22,1524.301,0.464028,286.7172,30.85195
2022-10-28,20599.76,1556.331,0.470594,297.6595,32.08274
2022-10-29,20850.3,1625.984,0.470508,304.6701,33.0577
2022-10-30,20591.03,1587.337,0.458992,312.4625,32.72304
2022-10-31,20478.7,1565.636,0.462372,328.4803,32.60904
2022-11-01,20476.09,1578.552,0.465553,325.0675,32.31667
2022-11-02,20107.98,1511.409,0.451973,319.8808,30.52917
2022-11-03,20195.5,1531.0,0.454695,332.5,30.92379
2022-11-04,21179.35,1649.792,0.49994,352.3282,33.93261
2022-11-05,21297.66,1632.392,0.497825,349.9175,37.10095
2022-11-06,21140.29,1602.152,0.478438,349.1244,33.24723
2022-11-07,20463.73,1559.407,0.462155,332.7399,29.32642
2022-11-08,18514.25,1323.428,0.4013,316.4465,23.60069
2022-11-09,16102.99,1133.389,0.336004,273.3269,13.10681
2022-11-10,17887.71,1328.584,0.398189,306.8703,18.00269
2022-11-11,16949.22,1282.252,0.391602,289.5491,16.03932
2022-11-12,16805.71,1258.341,0.385015,282.4906,14.88306
2022-11-13,16414.0,1226.59,0.378428,276.2128,13.67073
2022-11-14,16386.87,1218.25,0.371841,275.2865,13.74944
2022-11-15,16859.69,1244.614,0.388711,275.3244,14.23405
2022-11-16,16653.76,1215.251,0.376853,271.5499,14.2681
2022-11-17,16697.2,1205.759,0.3837,268.2906,13.73808
2022-11-18,16647.03,1208.638,0.38196,272.9857,13.1188
2022-11-19,16720.08,1222.905,0.383837,272.8132,12.87257
2022-11-20,16272.45,1141.134,0.36341,264.0008,12.32534
2022-11-21,15720.49,1106.6,0.362161,253.6927,11.80701
2022-11-22,16165.23,1136.202,0.377539,266.1749,12.24015
2022-11-23,16494.19,1173.1,0.379586,296.0769,14.11999
2022-11-24,16597.5,1202.437,0.401462,300.3445,14.57175
2022-11-25,16519.6,1198.598,0.409566,299.9289,14.09896
2022-11-26,16416.06,1200.691,0.394667,310.3168,14.04281
2022-11-27,16563.31,1215.502,0.403612,313.6991,14.40747
2022-11-28,16212.5,1170.255,0.390052,292.6887,13.36972
2022-11-29,16488.74,1222.807,0.398353,296.9901,13.40794
2022-11-30,17153.69,1299.412,0.410416,300.712,13.89466
2022-12-01,16966.53,1277.577,0.396824,292.7176,13.50681
2022-12-02,17042.2,1290.667,0.394634,291.9175,13.74052
2022-12-03,16902.85,1242.144,0.387589,290.6291,13.31733
2022-12-04,17104.56,1275.718,0.389079,291.3291,13.66227
2022-12-05,16943.94,1259.075,0.389328,288.2058,13.94658
2022-12-06,16973.72,1252.845,0.388622,288.8942,14.08682
2022-12-07,16842.5,1230.39,0.38273,284.1,13.5561
2022-12-08,17203.79,1284.4,0.393818,289.7203,13.68086
2022-12-09,17133.32,1263.958,0.389162,286.0086,13.56031
2022-12-10,17137.6,1269.105,0.386142,287.7942,13.58963
2022-12-11,17104.67,1262.572,0.380298,285.5285,13.4846
2022-12-12,17159.68,1272.605,0.386865,276.7249,13.3036
2022-12-13,17772.04,1319.503,0.394105,271.6348,13.79589
2022-12-14,17837.69,1311.882,0.385827,267.8187,14.20009
2022-12-15,17344.3,1263.543,0.377375,257.2514,13.998
2022-12-16,16725.01,1178.838,0.352135,230.323,12.45415
2022-12-17,16741.69,1185.994,0.352146,240.2312,12.2717
2022-12-18,16763.8,1187.714,0.350346,251.2327,12.45082
2022-12-19,16416.29,1162.678,0.338397,240.1976,11.75438
2022-12-20,16869.68,1215.549,0.352714,250.91,12.27239
2022-12-21,16765.44,1209.93,0.345917,246.5123,12.0687
2022-12-22,16795.01,1215.823,0.348641,245.5582,11.81909
2022-12-23,16790.97,1218.308,0.353765,245.9754,11.76992
2022-12-24,16824.88,1218.485,0.351575,244.4829,11.4281
2022-12-25,16819.58,1217.002,0.345755,242.7684,11.37552
2022-12-26,16835.31,1218.336,0.366227,242.5515,11.17496
2022-12-27,16684.11,1210.718,0.370555,246.104,11.0136
2022-12-28,16509.22,1185.08,0.356707,243.3685,9.71785
2022-12-29,16612.53,1197.269,0.341143,245.5919,9.1157
2022-12-30,16575.22,1197.611,0.343828,244.9775,9.796
2022-12-31,16512.62,1195.592,0.34053,246.1669,9.97111
2023-01-01,16594.55,1200.466,0.338441,244.655,9.97221
2023-01-02,16692.94,1214.699,0.348385,246.0512,11.27649
2023-01-03,16670.72,1212.229,0.343966,245.7741,13.38401
2023-01-04,16821.5,1252.926,0.346586,257.7049,13.55563
2023-01-05,16832.67,1250.312,0.339181,256.8101,13.4225
2023-01-06,16953.01,1269.286,0.345893,259.7195,13.37575
2023-01-07,16932.5,1262.807,0.343717,260.9374,13.05067
2023-01-08,16961.24,1269.328,0.342159,271.7674,13.72055
2023-01-09,17204.3,1320.927,0.349897,273.2973,16.33864
2023-01-10,17433.56,1336.037,0.351249,276.8388,16.25628
2023-01-11,17555.01,1349.209,0.371767,280.2748,16.17664
2023-01-12,18916.85,1422.818,0.375534,287.0258,16.37137
2023-01-13,19851.05,1453.691,0.383735,293.0264,18.12003
2023-01-14,20987.85,1551.138,0.39472,305.2153,23.66318
2023-01-15,20916.33,1558.002,0.385812,302.7878,23.12871
2023-01-16,21188.27,1580.032,0.387208,299.706,23.65037
2023-01-17,21234.11,1574.317,0.388939,300.7301,23.20222
2023-01-18,20807.83,1531.493,0.381781,290.3855,21.15994
2023-01-19,21064.89,1551.463,0.393184,293.8882,21.47114
2023-01-20,22594.95,1652.227,0.409974,303.2546,25.24164
2023-01-21,22948.89,1644.169,0.405181,301.8604,25.10222
2023-01-22,22681.54,1629.126,0.40038,301.6603,24.18494
2023-01-23,22930.96,1627.724,0.426664,305.7459,24.37756
2023-01-24,22756.85,1562.271,0.408408,302.206,23.11236
2023-01-25,22939.25,1586.15,0.41367,305.0519,24.19411
2023-01-26,23005.85,1601.908,0.409733,304.5244,24.30694
2023-01-27,23015.57,1593.555,0.410356,307.3167,24.09075
2023-01-28,22982.45,1564.987,0.406877,304.8579,23.94189
2023-01-29,23767.1,1643.086,0.412817,318.1159,26.23015
2023-01-30,22731.31,1564.079,0.393128,306.1214,23.76466
2023-01-31,23183.72,1590.463,0.407237,312.6281,24.03566
2023-02-01,23714.81,1637.988,0.414425,317.119,24.9595
2023-02-02,23561.5,1655.961,0.410882,326.6653,24.60892
2023-02-03,23423.51,1667.543,0.412033,330.6264,24.71698
2023-02-04,23405.02,1680.134,0.414333,331.0265,24.65502
2023-02-05,22986.06,1634.689,0.399,328.182,23.63491
2023-02-06,22882.23,1632.925,0.396516,326.5131,23.04162
2023-02-07,23230.15,1665.427,0.403028,332.5233,23.70556
2023-02-08,22931.09,1651.142,0.397932,327.5262,23.13095
2023-02-09,21767.64,1538.048,0.376538,304.1274,20.22382
2023-02-10,21573.69,1508.746,0.380857,305.2458,20.06101
2023-02-11,21826.01,1536.418,0.383435,310.828,20.78197
2023-02-12,21797.04,1513.271,0.375638,316.2316,21.60016
2023-02-13,21651.99,1492.335,0.3713,291.5574,20.47495
2023-02-14,22197.16,1555.177,0.379355,296.1154,21.71878
2023-02-15,24154.2,1666.086,0.400076,316.1569,23.6715
2023-02-16,24013.83,1647.59,0.387532,307.6046,22.47374
2023-02-17,24680.88,1699.04,0.39524,313.5313,23.15231
2023-02-18,24631.37,1690.257,0.394867,316.3538,23.62392
2023-02-19,24496.9,1685.911,0.387485,313.0689,25.20464
2023-02-20,24707.27,1692.908,0.397116,313.7125,26.23505
2023-02-21,24388.53,1653.201,0.391367,311.1529,24.84122
2023-02-22,24100.62,1634.21,0.394804,310.8,24.10034
2023-02-23,23873.62,1647.321,0.388954,308.6401,23.84334
2023-02-24,23119.67,1604.874,0.376696,301.097,22.81767
2023-02-25,23122.99,1592.231,0.376946,301.6211,22.22256
2023-02-26,23478.9,1633.648,0.376763,308.3185,23.01048
2023-02-27,23478.51,1631.172,0.379623,304.6183,22.78104
2023-02-28,23161.79,1612.756,0.377538,302.7515,22.13831
2023-03-01,23534.98,1656.745,0.3833,302.0393,22.42802
2023-03-02,23464.87,1648.998,0.378314,300.227,22.06289
2023-03-03,22320.42,1567.064,0.375326,289.2202,21.4015
2023-03-04,22307.16,1561.599,0.371736,288.1202,20.73135
2023-03-05,22434.82,1565.762,0.368251,289.0318,21.05242
2023-03-06,22432.29,1569.286,0.371138,287.7827,20.69366
2023-03-07,22104.61,1553.212,0.381171,287.5856,19.9653
2023-03-08,21788.44,1545.217,0.387007,287.2828,18.3688
2023-03-09,20344.46,1432.403,0.374004,276.2249,17.18165
2023-03-10,20167.45,1429.202,0.372106,277.9806,18.17421
2023-03-11,20483.56,1470.463,0.364168,275.9214,18.09708
2023-03-12,21915.82,1579.925,0.369962,287.3122,20.35717
2023-03-13,24299.15,1686.994,0.375372,310.4337,20.61372
2023-03-14,24804.02,1708.771,0.375196,310.3735,20.97898
2023-03-15,24464.91,1655.213,0.360568,306.8835,19.35103
2023-03-16,25043.83,1676.805,0.365909,331.714,19.66837
2023-03-17,27750.09,1787.519,0.379822,337.5061,21.27843
2023-03-18,27003.44,1774.189,0.375429,333.1933,21.58244
2023-03-19,28194.43,1810.459,0.392706,339.5257,22.09164
2023-03-20,28054.71,1753.898,0.377643,337.5275,22.65218
2023-03-21,28121.39,1799.472,0.463273,336.4699,22.51158
2023-03-22,27286.36,1731.592,0.421953,322.4812,21.49875
2023-03-23,28277.41,1812.512,0.446326,328.9829,22.05488
2023-03-24,27328.47,1745.195,0.422969,322.0571,20.61154
2023-03-25,27473.93,1739.516,0.444531,322.1121,20.35372
2023-03-26,27856.57,1763.611,0.446604,327.77,20.84062
2023-03-27,27183.4,1713.825,0.476724,308.745,19.83732
2023-03-28,27201.14,1769.74,0.530107,313.2221,20.30201
2023-03-29,28298.38,1794.961,0.548504,314.3597,21.18012
2023-03-30,28076.37,1793.292,0.539551,316.9887,20.56116
2023-03-31,28482.89,1824.635,0.541308,316.6633,21.0201
2023-04-01,28487.97,1821.365,0.511084,315.2134,21.06268
2023-04-02,28032.17,1788.058,0.520623,312.9939,20.40694
2023-04-03,27720.85,1795.79,0.495493,305.8192,20.37784
2023-04-04,28233.11,1872.146,0.505758,311.3556,20.94458
2023-04-05,28191.21,1912.008,0.507883,314.6132,20.89142
2023-04-06,27998.96,1866.013,0.502876,312.3293,20.60731
2023-04-07,27911.77,1858.164,0.512479,310.8599,20.40509
2023-04-08,27940.69,1855.453,0.505897,310.7712,20.15616
2023-04-09,28456.25,1868.451,0.50834,312.7094,20.37874
2023-04-10,29246.31,1891.29,0.51272,313.657,20.70607
2023-04-11,30219.4,1895.154,0.516205,324.8213,23.25767
2023-04-12,29967.48,1918.195,0.505594,320.1495,24.02883
2023-04-13,30312.77,2008.446,0.511491,324.9116,24.55055
2023-04-14,30479.36,2105.856,0.525136,328.9728,24.51023
2023-04-15,30291.01,2090.199,0.519167,332.499,23.93843
2023-04-16,30406.28,2129.107,0.52315,349.434,25.29619
2023-04-17,29469.59,2077.135,0.511702,339.8004,24.73158
2023-04-18,30376.84,2093.406,0.523489,342.4582,24.81012
2023-04-19,29180.73,1975.896,0.495072,324.8786,23.00955
2023-04-20,28232.66,1942.875,0.472138,318.1254,22.10967
2023-04-21,27277.0,1840.648,0.442351,319.5648,21.22377
2023-04-22,27671.52,1871.838,0.470642,331.8299,21.81016
2023-04-23,27519.21,1854.753,0.462423,329.7165,21.39517
2023-04-24,27415.19,1833.047,0.460109,331.3066,21.37853
2023-04-25,28274.51,1870.93,0.469908,337.3776,21.70109
2023-04-26,28686.81,1878.511,0.459647,331.1059,21.51138
2023-04-27,29656.85,1916.052,0.466454,334.2103,22.33727
2023-04-28,29351.19,1895.669,0.478768,324.2495,23.27521
2023-04-29,29247.24,1905.143,0.478982,322.19,23.09052
2023-04-30,29427.98,1895.29,0.47407,337.9925,23.06404
2023-05-01,27992.74,1824.844,0.46292,328.4887,21.8598
2023-05-02,28677.94,1872.732,0.465384,322.1964,22.23355
2023-05-03,28931.24,1890.081,0.46342,325.9847,22.09824
2023-05-04,28850.37,1877.366,0.459665,323.6165,21.71471
2023-05-05,29513.62,1987.107,0.466925,326.8972,22.81684
2023-05-06,28857.56,1898.999,0.458597,323.3617,22.04399
2023-05-07,28802.84,1909.671,0.455837,323.3779,22.35535
2023-05-08,27562.34,1841.729,0.424422,312.6374,20.63357
2023-05-09,27625.21,1844.803,0.425725,312.0117,20.60048
2023-05-10,27533.32,1839.574,0.429129,313.8822,20.9189
2023-05-11,27004.97,1794.843,0.42002,307.2069,20.21029
2023-05-12,26771.49,1806.644,0.429343,307.8461,20.78041
2023-05-13,26875.98,1800.89,0.424912,311.0554,20.94857
2023-05-14,26922.76,1800.77,0.425965,311.3567,20.97098
2023-05-15,27381.6,1826.378,0.42918,313.9296,21.1597
2023-05-16,27023.78,1826.783,0.434974,311.4657,20.72038
2023-05-17,27378.63,1824.492,0.446423,313.4466,21.07133
2023-05-18,26929.3,1815.386,0.463085,310.5842,20.47359
2023-05-19,26913.92,1814.364,0.46834,308.3425,20.36001
2023-05-20,27057.35,1818.896,0.468521,310.4892,20.24831
2023-05-21,26761.21,1804.402,0.459976,306.904,19.65168
2023-05-22,26913.96,1821.67,0.46083,309.9449,19.71075
2023-05-23,27201.74,1849.411,0.464023,313.3688,20.10111
2023-05-24,26367.08,1800.212,0.452273,305.5017,19.19995
2023-05-25,26476.64,1807.704,0.452914,304.7891,19.22948
2023-05-26,26730.58,1831.616,0.468294,307.4415,19.43999
2023-05-27,26781.19,1828.596,0.470574,306.2133,19.82403
2023-05-28,27841.43,1868.43,0.481911,311.5716,20.8708
2023-05-29,27675.0,1890.997,0.489847,311.2934,20.60218
2023-05-30,27730.18,1906.343,0.520303,312.5218,21.21837
2023-05-31,27095.12,1864.488,0.513282,305.5489,20.66821
2023-06-01,26897.37,1869.463,0.508642,305.5855,20.55085
2023-06-02,27214.7,1904.935,0.523836,307.4799,21.35555
2023-06-03,27015.21,1889.926,0.520508,305.7222,21.03951
2023-06-04,27203.27,1902.619,0.540073,305.7978,22.05906
2023-06-05,25669.38,1807.552,0.503751,274.7824,19.92608
2023-06-06,27064.89,1880.215,0.529353,282.782,20.37081
2023-06-07,26156.07,1822.64,0.514257,257.4283,18.56614
2023-06-08,26578.2,1852.163,0.526195,263.0473,18.8985
2023-06-09,26474.21,1836.493,0.539292,261.9476,17.59128
2023-06-10,25776.22,1745.642,0.505093,238.5383,15.54391
2023-06-11,26057.04,1764.303,0.523109,237.2973,15.76136
2023-06-12,25931.57,1743.45,0.527321,231.2092,15.30271
2023-06-13,25844.09,1738.984,0.521432,241.6686,15.01725
2023-06-14,25118.98,1654.071,0.481057,237.5786,14.4877
2023-06-15,25553.37,1665.417,0.480201,236.8033,14.88244
2023-06-16,26277.06,1715.773,0.470728,238.5414,15.31699
2023-06-17,26514.25,1727.644,0.480098,245.4669,15.66932
2023-06-18,26409.26,1724.133,0.487488,243.1441,15.45394
2023-06-19,26761.89,1731.613,0.493847,242.4748,15.84199
2023-06-20,28134.21,1777.327,0.490474,243.3265,16.42246
2023-06-21,29882.44,1875.274,0.497325,248.1124,16.96745
2023-06-22,30060.37,1880.015,0.495304,243.1511,16.75462
2023-06-23,30677.59,1884.911,0.493491,244.5418,17.086
2023-06-24,30532.99,1876.371,0.486506,235.6484,16.57353
2023-06-25,30461.25,1896.207,0.490657,237.9761,16.92531
2023-06-26,30164.39,1851.199,0.4751,234.4492,16.09248
2023-06-27,30722.94,1896.071,0.484487,239.043,16.89614
2023-06-28,30134.09,1829.822,0.464095,230.6977,16.00524
2023-06-29,30413.07,1850.941,0.473634,233.3673,17.69682
2023-06-30,30469.2,1931.163,0.476038,240.3183,19.13869
2023-07-01,30584.65,1922.86,0.473495,248.4,18.3792
2023-07-02,30560.19,1921.183,0.483043,245.5221,19.48505
2023-07-03,31052.4,1957.797,0.488734,247.3173,19.09504
2023-07-04,30810.51,1942.217,0.489008,242.4533,19.43117
2023-07-05,30474.88,1911.026,0.477476,238.8382,18.7679
2023-07-06,30222.0,1875.871,0.468158,234.3789,20.43496
2023-07-07,30292.66,1868.797,0.467047,235.1235,21.37204
2023-07-08,30185.94,1856.486,0.46928,235.6401,21.82091
2023-07-09,30159.34,1865.596,0.468184,234.2222,21.1087
2023-07-10,30320.06,1882.876,0.475995,244.7489,21.36917
2023-07-11,30570.79,1875.618,0.47601,248.0025,21.84864
2023-07-12,30355.39,1871.933,0.470091,243.9927,22.06724
2023-07-13,31266.2,1983.643,0.792209,253.1987,25.69202
2023-07-14,30256.81,1930.445,0.721053,246.2206,26.49308
2023-07-15,30312.08,1931.349,0.717215,250.6752,27.46594
2023-07-16,30306.59,1931.328,0.756948,244.7125,27.57758
2023-07-17,30249.14,1917.126,0.743626,244.4415,26.80236
2023-07-18,29807.41,1897.587,0.767969,240.2528,25.23665
2023-07-19,29933.65,1893.901,0.832692,241.7976,26.67163
2023-07-20,29869.6,1897.509,0.800828,243.0781,25.62559
2023-07-21,29900.17,1894.048,0.773915,243.5049,25.66361
2023-07-22,29830.02,1887.169,0.753275,242.2242,25.31383
2023-07-23,29943.98,1879.784,0.733878,241.6927,24.57366
2023-07-24,29163.54,1849.248,0.706115,238.6737,23.48718
2023-07-25,29226.87,1861.24,0.70925,237.5834,23.30327
2023-07-26,29467.18,1871.105,0.718929,239.1096,25.23091
2023-07-27,29179.27,1858.588,0.714807,240.4351,25.02434
2023-07-28,29313.41,1876.332,0.710986,242.0952,25.0345
2023-07-29,29348.09,1881.661,0.711793,242.0976,25.22185
2023-07-30,29211.24,1861.432,0.703937,242.1782,24.28591
2023-07-31,29238.34,1856.544,0.698081,241.5589,23.75296
2023-08-01,29229.95,1848.897,0.704041,245.4747,23.56787
2023-08-02,29162.92,1842.779,0.688307,241.7621,23.15789
2023-08-03,29217.05,1838.46,0.668058,240.7049,22.78023
2023-08-04,29037.47,1828.101,0.62989,241.443,22.9012
2023-08-05,29041.46,1833.311,0.626011,242.5329,22.59702
2023-08-06,29042.95,1827.455,0.623164,242.5357,23.08542
2023-08-07,29162.25,1823.664,0.618276,241.4172,22.99137
2023-08-08,29850.49,1861.701,0.640204,245.9631,24.27426
2023-08-09,29501.2,1852.187,0.637445,243.1882,24.30474
2023-08-10,29434.84,1848.049,0.633428,240.8444,24.66303
2023-08-11,29377.69,1843.37,0.631145,238.8969,24.49303
2023-08-12,29400.91,1848.374,0.627169,240.2054,24.72225
2023-08-13,29344.01,1847.07,0.629698,240.6122,24.44072
2023-08-14,29371.3,1843.637,0.630414,240.4631,24.95117
2023-08-15,29197.79,1827.208,0.609729,237.4362,24.02944
2023-08-16,28897.23,1809.671,0.583646,231.4405,22.7406
2023-08-17,26238.8,1618.467,0.485523,214.9774,21.23389
2023-08-18,26049.71,1662.278,0.506447,216.4917,21.3924
2023-08-19,26078.18,1668.976,0.519665,216.5437,21.84222
2023-08-20,26175.54,1682.696,0.539773,216.8892,21.81991
2023-08-21,26192.42,1673.389,0.523821,211.2683,21.3377
2023-08-22,25660.32,1603.449,0.51342,206.7276,19.92332
2023-08-23,26315.01,1664.944,0.5265,215.4591,21.34404
2023-08-24,26081.7,1653.346,0.517086,217.0892,20.86645
2023-08-25,26067.51,1650.485,0.524901,217.98,20.31662
2023-08-26,26027.69,1648.253,0.525371,216.5808,20.33861
2023-08-27,26055.61,1652.583,0.521145,217.5977,20.68547
2023-08-28,25969.42,1645.82,0.521004,217.6889,20.39949
2023-08-29,27664.24,1732.519,0.541603,227.1431,21.85385
2023-08-30,27259.7,1703.57,0.5286,223.1,20.7833
2023-08-31,26021.45,1647.482,0.508334,216.374,19.68354
2023-09-01,25791.32,1628.139,0.496447,213.389,19.24128
2023-09-02,25856.0,1635.95,0.498045,213.9765,19.47796
2023-09-03,25963.03,1636.435,0.504309,214.1636,19.4666
2023-09-04,25670.53,1620.496,0.504559,213.8401,19.23751
2023-09-05,25722.41,1629.481,0.504053,214.195,20.26417
2023-09-06,25709.94,1631.574,0.502393,214.7689,19.62692
2023-09-07,26146.66,1645.46,0.504043,216.7894,19.7939
2023-09-08,25890.59,1634.221,0.504429,214.27,19.51687
2023-09-09,25883.52,1634.979,0.503449,214.4335,19.44426
2023-09-10,25892.97,1623.073,0.49981,213.119,18.44709
2023-09-11,25139.94,1543.526,0.471149,205.5342,17.5055
2023-09-12,26100.63,1601.172,0.482757,212.383,17.99948
2023-09-13,26232.02,1605.241,0.484297,212.5425,18.35777
2023-09-14,26542.54,1627.612,0.490442,212.1615,18.86537
2023-09-15,26468.34,1631.841,0.500785,212.9936,18.76434
2023-09-16,26572.4,1636.947,0.500145,214.9193,19.04881
2023-09-17,26491.28,1620.049,0.492018,216.1519,18.80051
2023-09-18,26843.43,1640.492,0.506181,215.9389,19.73396
2023-09-19,27161.78,1641.39,0.512172,217.0304,20.0257
2023-09-20,27111.78,1626.038,0.523231,214.4107,20.45393
2023-09-21,26612.62,1588.596,0.50738,210.7916,19.52472
2023-09-22,26567.2,1593.848,0.513664,210.9852,19.36074
2023-09-23,26570.66,1593.012,0.508836,210.4147,19.45636
2023-09-24,26520.41,1590.004,0.50692,209.7084,19.45568
2023-09-25,26278.3,1587.171,0.504075,209.5895,19.42393
2023-09-26,26154.15,1588.137,0.500885,211.4091,19.00802
2023-09-27,26260.18,1594.639,0.49963,211.2457,18.94757
2023-09-28,27004.5,1650.297,0.50769,214.9957,19.70551
2023-09-29,26867.04,1665.787,0.521943,215.0763,20.26887
2023-09-30,27004.69,1674.565,0.516903,215.243,21.31096
2023-10-01,27190.25,1678.515,0.518357,214.3236,22.98253
2023-10-02,27480.2,1655.51,0.513749,213.962,23.16732
2023-10-03,27399.79,1654.683,0.513795,213.4979,23.56976
2023-10-04,27688.15,1644.092,0.531427,213.2107,23.09325
2023-10-05,27457.72,1614.896,0.523941,210.8569,22.75524
2023-10-06,28053.89,1652.937,0.527416,214.0877,23.56576
2023-10-07,27948.72,1634.591,0.522298,212.1208,23.30718
2023-10-08,27934.71,1633.791,0.518495,211.5205,23.42324
2023-10-09,27626.0,1579.772,0.504611,206.3433,22.14475
2023-10-10,27428.73,1565.412,0.499055,208.5229,22.06233
2023-10-11,26720.68,1565.582,0.486864,206.2422,21.76061
2023-10-12,26749.38,1537.121,0.483221,205.5219,21.17626
2023-10-13,27013.76,1558.923,0.488297,207.0565,21.99696
2023-10-14,26819.39,1555.047,0.486666,206.5855,21.95588
2023-10-15,27180.68,1560.392,0.48872,209.7084,21.94298
2023-10-16,28435.03,1590.352,0.497104,214.688,23.919
2023-10-17,28497.85,1562.458,0.492082,211.0781,24.10201
2023-10-18,28276.49,1559.137,0.488263,210.3442,23.52204
2023-10-19,28615.25,1564.06,0.506197,210.1819,24.89896
2023-10-20,29627.22,1607.965,0.521019,212.7893,26.87738
2023-10-21,29999.01,1629.538,0.523356,215.5055,30.10765
2023-10-22,29760.12,1636.536,0.518676,214.873,28.8437
2023-10-23,31646.44,1717.623,0.53878,224.1165,30.0137
2023-10-24,34138.05,1787.305,0.561733,225.6729,30.45624
2023-10-25,34560.7,1789.341,0.554027,223.1513,32.21931
2023-10-26,34114.18,1799.898,0.551796,223.0022,32.26092
2023-10-27,33847.2,1781.002,0.54614,224.8495,31.96693
2023-10-28,34195.46,1783.535,0.547338,226.3362,31.97822
2023-10-29,34714.59,1805.772,0.557445,227.8797,32.96553
2023-10-30,34479.91,1809.937,0.578491,228.1753,34.94773
2023-10-31,34573.67,1809.79,0.598241,226.295,37.94203
2023-11-01,35289.32,1843.941,0.610109,227.1704,42.34772
2023-11-02,34793.33,1796.153,0.603959,230.6277,40.05061
2023-11-03,34641.63,1831.904,0.612729,230.2898,39.65266
2023-11-04,35180.39,1858.777,0.616838,237.9403,42.41251
2023-11-05,34998.07,1887.179,0.652321,244.6956,40.95444
2023-11-06,35125.56,1903.633,0.721902,254.8713,41.29156
2023-11-07,35298.3,1880.365,0.682414,246.1107,43.12273
2023-11-08,35791.54,1891.165,0.687551,246.5542,43.29862
2023-11-09,36555.56,2094.828,0.663626,248.4472,45.35872
2023-11-10,37376.04,2083.243,0.661744,251.4307,56.74449
2023-11-11,36901.13,2045.521,0.665566,251.2628,58.17454
2023-11-12,37170.89,2061.655,0.665273,248.6019,56.96995
2023-11-13,36480.17,2059.246,0.654183,241.5676,52.13419
2023-11-14,35613.62,1987.058,0.629582,242.3315,57.09732
2023-11-15,37726.59,2053.555,0.648824,252.9264,65.19268
2023-11-16,36221.56,1968.086,0.615068,242.9267,58.04638
2023-11-17,36552.41,1963.237,0.616009,244.7832,58.65984
2023-11-18,36524.23,1958.149,0.610699,244.3197,58.45853
2023-11-19,36996.56,1981.692,0.622974,244.61,60.75782
2023-11-20,37454.96,2025.627,0.613223,254.5755,56.50886
2023-11-21,36390.26,1943.238,0.580721,225.0855,51.91982
2023-11-22,37457.31,2065.489,0.613684,236.3756,58.09859
2023-11-23,37310.21,2066.199,0.620587,234.0328,56.82785
2023-11-24,37711.95,2075.568,0.62099,232.8838,56.90262
2023-11-25,37747.26,2084.109,0.621166,233.6378,58.70452
2023-11-26,37667.55,2077.509,0.618935,232.4883,57.85688
2023-11-27,37083.97,2020.42,0.601112,226.5045,54.7593
2023-11-28,37883.05,2050.288,0.610654,229.7332,57.78339
2023-11-29,37795.18,2029.283,0.608473,227.4273,59.25771
2023-11-30,37700.09,2043.667,0.605597,227.2364,59.32939
2023-12-01,38719.33,2086.344,0.612045,228.2913,60.17686
2023-12-02,39367.12,2158.813,0.618184,228.7052,62.849
2023-12-03,40075.14,2205.764,0.625619,228.6823,63.75304
2023-12-04,41952.69,2228.181,0.622831,231.9116,61.00365
2023-12-05,44290.72,2281.934,0.619874,230.5277,60.40725
2023-12-06,43771.65,2234.366,0.63557,229.9253,62.80681
2023-12-07,43151.1,2350.732,0.641624,232.3813,67.99389
2023-12-08,44263.52,2364.55,0.668521,238.4787,73.63439
2023-12-09,43911.56,2354.052,0.671274,239.2622,73.98913
2023-12-10,43784.78,2361.471,0.66252,239.8072,74.00992
2023-12-11,41267.29,2222.255,0.619815,244.7873,69.5379
2023-12-12,41211.65,2187.167,0.617422,254.8853,67.87014
2023-12-13,42972.29,2261.21,0.629545,253.4583,71.36651
2023-12-14,43077.92,2315.33,0.632901,253.6406,75.77962
2023-12-15,42064.92,2231.211,0.618856,245.6221,74.68682
2023-12-16,42277.01,2227.147,0.619098,244.804,74.01074
2023-12-17,41674.88,2216.585,0.612638,240.9516,72.02584
2023-12-18,42498.35,2212.066,0.611716,240.3279,74.45776
2023-12-19,42312.04,2176.709,0.606291,251.8715,72.82104
2023-12-20,43613.42,2192.186,0.618719,259.3078,81.73317
2023-12-21,43957.34,2245.177,0.623912,271.4516,94.60693
2023-12-22,43834.59,2314.827,0.624793,272.2149,97.0367
2023-12-23,43767.73,2297.565,0.61981,271.9332,108.9444
2023-12-24,43005.66,2260.511,0.610703,263.774,112.3742
2023-12-25,43689.76,2285.453,0.643842,267.4588,120.0163
2023-12-26,42465.75,2227.737,0.620738,294.0706,111.7209
2023-12-27,43350.67,2366.186,0.632792,317.897,107.2466
2023-12-28,42644.4,2358.214,0.633872,325.4399,103.8423
2023-12-29,41769.38,2282.076,0.619624,311.0622,104.9609
2023-12-30,42131.47,2287.761,0.621181,315.4905,101.877
2023-12-31,42247.33,2274.241,0.611347,310.7223,100.4439
2024-01-01,43538.21,2334.664,0.627019,313.6596,108.0804
2024-01-02,44998.36,2359.903,0.627432,311.9154,108.0088
2024-01-03,42765.5,2206.306,0.583316,316.7171,98.80424
2024-01-04,44370.75,2272.711,0.588399,322.0828,104.7974
2024-01-05,44002.17,2249.536,0.574203,316.75,99.3183
2024-01-06,43904.94,2238.792,0.568381,307.5844,93.43613
2024-01-07,43898.07,2217.438,0.550652,301.693,89.2771
2024-01-08,47041.83,2339.7,0.580516,306.1723,97.89135
2024-01-09,46275.42,2342.166,0.571977,300.7932,99.60097
2024-01-10,46914.42,2548.227,0.607852,306.6736,103.3204
2024-01-11,46402.77,2615.587,0.602436,307.4154,100.3021
2024-01-12,42481.94,2496.851,0.567026,295.0052,90.20053
2024-01-13,42980.33,2577.561,0.576162,302.4274,96.17581
2024-01-14,42250.7,2507.636,0.585119,303.1544,96.63089
2024-01-15,42576.79,2511.078,0.577768,316.009,94.11344
2024-01-16,43199.08,2593.145,0.578213,315.7526,98.14419
2024-01-17,42679.41,2526.081,0.56963,310.4892,101.1986
2024-01-18,41312.9,2468.035,0.552242,312.2843,94.57428
2024-01-19,41645.83,2488.454,0.546159,312.9898,93.62712
2024-01-20,41747.28,2469.813,0.549649,316.6401,93.15205
2024-01-21,41607.17,2460.643,0.54796,319.7017,91.50333
2024-01-22,39794.81,2318.127,0.528434,305.8724,84.06515
2024-01-23,39433.99,2224.101,0.514642,297.0384,82.57027
2024-01-24,39854.86,2220.225,0.516131,292.6477,87.27382
2024-01-25,39934.73,2220.2,0.514522,292.0422,87.23287
2024-01-26,41897.47,2267.534,0.532088,302.0366,92.25072
2024-01-27,42155.08,2266.437,0.530595,305.7969,93.63916
2024-01-28,41827.31,2248.92,0.523416,304.2513,95.07269
2024-01-29,43111.1,2311.42,0.5362,310.0,100.9199
2024-01-30,43326.9,2364.936,0.50969,309.4969,103.4991
2024-01-31,42632.17,2284.48,0.501819,301.1313,97.7971
2024-02-01,42914.66,2296.384,0.505453,299.6131,97.12173
2024-02-02,43179.7,2307.666,0.510729,301.1403,100.19687
2024-02-03,43016.5,2297.619,0.520023,299.898,97.80603
2024-02-04,42553.31,2287.176,0.503583,305.5685,95.70893
2024-02-05,42449.06,2291.624,0.507135,300.1063,94.67591
2024-02-06,43186.15,2380.848,0.507543,303.3059,97.42891
2024-02-07,44151.85,2425.075,0.512098,307.9384,100.8398
2024-02-08,45280.61,2424.789,0.514308,319.167,102.8016
2024-02-09,47300.03,2496.677,0.526005,323.7877,107.9427
2024-02-10,47839.78,2496.704,0.524252,323.5938,109.338
2024-02-11,48149.95,2501.215,0.525052,320.893,107.4059
2024-02-12,50043.1,2656.228,0.531434,328.5445,111.539
2024-02-13,49540.84,2637.068,0.526105,324.8266,112.1936
2024-02-14,51840.6,2774.658,0.539601,334.2105,117.1688
2024-02-15,51689.33,2815.868,0.561388,351.7057,112.0595
2024-02-16,52017.89,2791.188,0.565435,359.7768,109.7944
2024-02-17,51721.89,2786.143,0.550421,352.9812,107.0735
2024-02-18,52245.54,2880.317,0.560162,353.3389,112.8024
2024-02-19,51948.87,2962.231,0.566036,353.3848,112.1468
2024-02-20,52178.56,2995.619,0.564507,354.871,108.9206
2024-02-21,51511.1,2934.2,0.5477,375.0,104.5501
2024-02-22,51439.53,2986.944,0.543426,384.5769,103.0471
2024-02-23,50780.9,2922.511,0.534025,374.1476,99.8725
2024-02-24,51556.08,2988.57,0.5456,382.0,104.18
2024-02-25,51699.41,3102.276,0.544273,390.2805,103.4758
2024-02-26,54695.31,3187.06,0.550358,401.761,109.8212
2024-02-27,56915.67,3248.949,0.586935,396.1584,108.5823
2024-02-28,61317.83,3342.678,0.573301,412.1883,115.711
2024-02-29,61260.13,3323.31,0.584545,396.4338,123.6529
2024-03-01,62538.3,3435.854,0.601062,406.813,130.7706
2024-03-02,61745.47,3407.336,0.636023,409.3007,128.4257
2024-03-03,62847.2,3475.023,0.628783,415.1868,130.9989
2024-03-04,68003.83,3611.969,0.652217,419.4609,130.9339
2024-03-05,63419.72,3510.981,0.589406,392.1704,121.9341
2024-03-06,65949.48,3815.137,0.610936,426.4131,130.7453
2024-03-07,67198.14,3862.526,0.632403,470.4812,144.967
2024-03-08,68290.76,3887.648,0.619919,480.7327,144.4705
2024-03-09,68498.3,3908.677,0.623013,489.152,145.271
2024-03-10,68498.66,3828.782,0.600976,521.1598,141.9809
2024-03-11,72455.59,4068.464,0.725645,522.2044,147.8896
2024-03-12,71166.99,3950.066,0.687248,536.7376,148.3704
2024-03-13,72987.57,3985.052,0.686336,615.7015,163.5401
2024-03-14,71514.16,3876.243,0.669066,603.6886,172.8695
2024-03-15,69110.52,3729.926,0.633157,610.5549,184.0966
2024-03-16,66335.96,3556.71,0.605842,585.7542,180.9732
2024-03-17,68201.11,3643.801,0.619565,575.9888,201.0414
2024-03-18,67687.94,3522.099,0.632562,553.6668,198.1381
2024-03-19,62578.85,3208.244,0.585784,508.8518,169.141
2024-03-20,67488.58,3485.58,0.612888,555.9944,187.9881
2024-03-21,65377.16,3482.389,0.638353,553.0728,178.269
2024-03-22,63045.87,3287.913,0.608634,541.7192,170.3375
2024-03-23,64751.46,3377.9,0.6224,558.2,174.75
2024-03-24,66947.24,3441.344,0.633362,570.5658,184.9188
2024-03-25,70314.28,3611.632,0.643196,588.5883,190.9585
2024-03-26,70249.92,3605.056,0.633106,580.7058,192.2018
2024-03-27,69415.14,3513.875,0.614179,575.0929,186.8526
2024-03-28,70862.88,3567.439,0.625231,585.1228,189.98
2024-03-29,69841.5,3523.581,0.628802,618.5968,192.2623
2024-03-30,69748.1,3507.767,0.620242,604.1355,196.2366
2024-03-31,70864.49,3625.735,0.626975,606.1727,199.514
2024-04-01,69612.43,3494.117,0.612833,580.0203,192.6433
2024-04-02,65709.39,3267.506,0.587935,556.0223,183.7134
2024-04-03,65937.83,3319.362,0.571566,560.0624,185.2638
2024-04-04,67804.17,3322.397,0.589341,585.9406,181.9336
2024-04-05,67538.97,3322.679,0.5884,580.9975,175.3097
2024-04-06,68316.73,3353.278,0.589547,585.6464,177.7945
2024-04-07,69037.51,3399.256,0.591053,581.1523,177.8361
2024-04-08,71687.7,3685.789,0.618763,589.2646,181.299
2024-04-09,69182.69,3507.631,0.623419,581.7381,174.0415
2024-04-10,70014.9,3513.125,0.616182,607.1818,172.6449
2024-04-11,70120.33,3501.245,0.609843,603.9423,172.4622
2024-04-12,66979.43,3219.976,0.545358,598.2734,151.8839
2024-04-13,62982.98,2954.041,0.461373,542.1388,133.2779
2024-04-14,63706.3,3066.72,0.487946,551.1653,141.6125
2024-04-15,63273.68,3107.538,0.494784,556.5946,138.5435
2024-04-16,64030.26,3103.11,0.496199,542.9086,137.1674
2024-04-17,61294.06,2998.66,0.495845,536.741,135.1351
2024-04-18,63496.63,3066.69,0.502251,551.1653,141.1122
2024-04-19,64327.63,3097.98,0.507557,560.1736,144.4948
2024-04-20,64745.41,3153.056,0.528559,570.8712,150.5851
2024-04-21,64666.99,3145.955,0.526289,578.6984,148.9553
2024-04-22,66546.23,3198.287,0.559062,598.2734,155.5152
2024-04-23,66350.02,3209.154,0.550483,608.1818,156.2754
2024-04-24,64340.73,3146.902,0.531411,608.4397,149.5422
2024-04-25,64673.26,3168.841,0.528693,613.8438,147.5243
2024-04-26,64085.58,3153.371,0.528511,602.5409,142.737
2024-04-27,63232.61,3239.792,0.518133,594.6643,140.5435
2024-04-28,63623.8,3304.246,0.518089,605.3366,141.2451
2024-04-29,63092.24,3176.0,0.5137,590.8,134.8901
2024-04-30,60101.16,2983.956,0.496554,578.2473,125.6952
2024-05-01,57822.16,2963.538,0.514228,555.9648,129.6152
2024-05-02,59115.55,2996.64,0.519926,560.628,138.5223
2024-05-03,62753.76,3110.956,0.532824,585.846,143.1601
2024-05-04,63908.58,3121.821,0.531148,586.4528,146.4931
2024-05-05,63876.06,3136.645,0.529258,590.6709,145.6476
2024-05-06,63551.56,3085.172,0.545511,592.8119,155.6632
2024-05-07,63072.12,3051.118,0.531884,582.6825,150.9655
2024-05-08,61466.89,2971.079,0.518839,587.2179,141.1761
2024-05-09,62533.32,3019.907,0.518417,596.8045,150.546
2024-05-10,60691.74,2905.648,0.502949,586.0241,146.174
2024-05-11,60906.6,2918.118,0.506289,593.0695,145.5079
2024-05-12,61209.67,2927.95,0.499985,595.3439,143.6982
2024-05-13,62893.07,2951.065,0.504744,593.2347,147.5239
2024-05-14,61672.35,2894.957,0.502119,566.8958,143.2683
2024-05-15,65895.4,3015.228,0.517505,584.7448,155.912
2024-05-16,65467.89,2940.855,0.515546,570.1513,159.2042
2024-05-17,66846.64,3087.36,0.523183,579.9029,167.9387
2024-05-18,66910.66,3116.33,0.520689,577.4982,172.5268
2024-05-19,66275.37,3069.975,0.508964,573.7598,169.9182
2024-05-20,69722.0,3644.664,0.535003,594.6259,184.8203
2024-05-21,69709.62,3748.545,0.533383,612.5407,178.2737
2024-05-22,69468.57,3772.925,0.527278,615.1415,180.3142
2024-05-23,67946.47,3841.74,0.528961,599.3162,178.7354
2024-05-24,68867.72,3735.892,0.533436,601.3278,167.31
2024-05-25,69124.49,3745.203,0.540292,601.1797,167.245
2024-05-26,68498.83,3851.461,0.529052,599.2322,162.9245
2024-05-27,69733.8,3886.662,0.534155,603.7835,170.6059
2024-05-28,68314.3,3838.367,0.527303,601.505,168.807
2024-05-29,67625.96,3773.674,0.523723,595.9437,169.0939
2024-05-30,68392.8,3750.047,0.520018,595.0916,166.8117
2024-05-31,67484.5,3781.005,0.517483,594.0922,166.4218
2024-06-01,67699.7,3812.114,0.519337,604.1618,166.9114
2024-06-02,67780.2,3781.085,0.513927,601.481,162.5438
2024-06-03,69069.43,3772.819,0.521811,625.7999,165.352
2024-06-04,70620.0,3812.97,0.5251,674.1,169.57
2024-06-05,71145.54,3848.245,0.526453,696.5697,173.1572
2024-06-06,70717.87,3800.194,0.520333,707.1736,169.8457
2024-06-07,69223.69,3692.096,0.49871,681.0411,162.4681
2024-06-08,69397.27,3675.866,0.494346,685.6246,158.8546
2024-06-09,69739.49,3713.833,0.498825,672.4991,161.6059
2024-06-10,69566.3,3672.598,0.496466,620.6324,159.507
2024-06-11,67382.47,3501.125,0.480799,607.5724,149.3685
2024-06-12,68513.37,3564.833,0.490938,619.7954,155.0889
2024-06-13,66943.19,3484.536,0.478808,600.4597,147.9809
2024-06-14,66159.75,3501.997,0.475067,603.3773,141.9401
2024-06-15,66089.19,3559.1,0.489721,605.9544,145.2388
2024-06-16,66471.79,3593.463,0.488309,607.9133,149.0406
2024-06-17,66541.26,3522.259,0.509565,606.321,143.0242
2024-06-18,65184.14,3470.45,0.489231,588.0764,137.5144
2024-06-19,64978.39,3568.372,0.493902,600.7596,135.7156
2024-06-20,65004.27,3514.293,0.488953,592.2792,133.6951
2024-06-21,64044.71,3515.519,0.485998,586.736,133.8462
2024-06-22,64304.26,3504.518,0.487505,588.4645,134.3561
2024-06-23,63800.63,3433.449,0.480863,582.4978,130.5099
2024-06-24,60056.12,3349.533,0.472555,564.5875,130.7343
2024-06-25,61905.39,3400.388,0.476014,577.2961,137.2654
2024-06-26,61006.12,3387.232,0.47048,574.0094,137.5114
2024-06-27,61453.57,3443.599,0.474264,579.3227,149.7592
2024-06-28,60245.88,3376.278,0.470662,567.1691,140.0109
2024-06-29,60941.2,3383.239,0.472495,569.63,140.4707
2024-06-30,61853.36,3408.155,0.47386,576.9985,144.5042
2024-07-01,63072.42,3456.929,0.478069,579.8556,147.3362
2024-07-02,61858.9,3415.686,0.483924,577.7741,153.544
2024-07-03,60180.72,3294.719,0.466382,556.3817,141.7324
2024-07-04,58460.67,3161.197,0.445546,528.2987,134.5334
2024-07-05,56524.52,2978.438,0.424334,495.9397,134.8909
2024-07-06,57869.75,3057.182,0.447813,526.2158,143.0344
2024-07-07,56589.77,2959.394,0.425153,496.4454,134.4653
2024-07-08,56654.84,3025.918,0.430461,510.2541,140.0674
2024-07-09,57798.84,3060.819,0.435291,515.9897,142.4857
2024-07-10,57429.81,3095.762,0.437165,521.8582,141.1488
2024-07-11,57458.3,3109.657,0.447087,525.2842,136.5397
2024-07-12,57612.95,3120.273,0.470389,531.1009,138.1864
2024-07-13,58696.56,3165.938,0.534596,529.1899,140.2539
2024-07-14,61299.03,3255.164,0.527995,544.8015,148.0649
2024-07-15,63564.2,3422.11,0.532366,576.6882,156.1381
2024-07-16,64516.13,3437.379,0.580145,574.7437,160.5601
2024-07-17,64323.78,3412.697,0.630457,570.2513,156.734
2024-07-18,63837.23,3421.845,0.568386,570.4859,158.4184
2024-07-19,66920.36,3512.865,0.576142,592.4487,168.0538
2024-07-20,67120.59,3516.576,0.594049,595.0498,174.5334
2024-07-21,68207.63,3521.104,0.59842,602.4205,184.1767
2024-07-22,67861.95,3462.558,0.615285,592.9778,180.174
2024-07-23,65879.9,3467.666,0.596172,581.0697,173.0809
2024-07-24,65627.0,3335.573,0.616195,576.1963,177.6097
2024-07-25,65818.91,3176.688,0.599326,571.5342,172.2001
2024-07-26,67946.0,3265.09,0.6034,581.2,182.4899
2024-07-27,68857.93,3283.511,0.600982,583.0825,183.0045
2024-07-28,68015.81,3263.356,0.598746,583.6475,184.5435
2024-07-29,67492.57,3344.632,0.604134,578.9363,183.5798
2024-07-30,66284.11,3279.256,0.626112,577.9266,179.6259
2024-07-31,64954.6,3237.724,0.632372,578.8799,173.8875
2024-08-01,64835.82,3173.705,0.592414,571.9306,166.1737
2024-08-02,61915.73,3000.346,0.56425,549.2676,154.7319
2024-08-03,60605.29,2910.955,0.55585,527.6674,142.58
2024-08-04,58443.02,2729.418,0.528047,501.9544,140.3692
2024-08-05,54375.68,2427.211,0.490393,464.0882,131.3149
2024-08-06,56479.46,2493.747,0.510094,488.7857,147.476
2024-08-07,55425.54,2360.766,0.626663,476.5476,146.4346
2024-08-08,61201.81,2640.092,0.613284,513.554,160.6982
2024-08-09,60754.84,2602.927,0.578979,508.4576,154.1978
2024-08-10,61087.6,2613.556,0.590412,523.6995,154.9793
2024-08-11,59015.69,2581.468,0.555156,508.7509,143.4642
2024-08-12,58975.93,2683.535,0.564362,513.5565,143.5457
2024-08-13,61037.35,2730.138,0.57957,525.463,147.8078
2024-08-14,58918.28,2664.013,0.568445,522.9418,143.7115
2024-08-15,57633.16,2572.569,0.5576,518.9934,141.7154
2024-08-16,59040.51,2601.528,0.564058,520.3457,140.0993
2024-08-17,59309.14,2607.305,0.565451,540.9487,141.2127
2024-08-18,59451.22,2643.419,0.570814,536.1072,145.0591
2024-08-19,58980.5,2615.975,0.596831,555.0221,143.7816
2024-08-20,59297.53,2584.826,0.595406,571.0057,143.1015
2024-08-21,61238.43,2637.531,0.602348,571.9458,143.4916
2024-08-22,60548.49,2623.741,0.59613,586.5293,143.4173
2024-08-23,64443.46,2775.101,0.612584,596.1706,152.2303
2024-08-24,63634.63,2741.059,0.608313,578.8025,157.6956
2024-08-25,64406.26,2780.043,0.602411,576.8018,161.3165
2024-08-26,63170.37,2686.023,0.586406,548.4987,157.6685
2024-08-27,60419.99,2490.53,0.5733,538.4,149.2601
2024-08-28,59118.32,2530.988,0.570151,536.2483,143.3528
2024-08-29,59495.42,2529.775,0.562694,535.9946,139.3987
2024-08-30,59047.31,2517.793,0.565726,534.0306,136.4722
2024-08-31,59053.24,2517.406,0.565987,533.5933,136.0027
2024-09-01,58340.61,2485.153,0.558,519.6065,133.786
2024-09-02,59036.96,2544.297,0.566404,526.6105,134.1471
2024-09-03,58097.31,2463.8,0.565941,525.0529,130.0035
2024-09-04,58093.61,2462.869,0.558439,511.2438,134.3352
2024-09-05,56130.39,2370.986,0.543804,500.8196,129.5432
2024-09-06,53738.61,2217.116,0.51913,483.3485,124.4553
2024-09-07,53921.11,2264.594,0.524848,492.1508,126.7472
2024-09-08,54458.54,2280.372,0.526147,499.2501,129.1572
2024-09-09,57464.62,2368.916,0.540592,521.5939,135.2642
2024-09-10,57503.96,2374.514,0.539362,518.4637,135.3606
2024-09-11,57357.16,2342.851,0.535148,529.3476,132.4318
2024-09-12,57916.47,2348.972,0.564855,538.4569,135.3993
2024-09-13,60307.97,2447.729,0.572629,557.2228,138.8657
2024-09-14,60046.82,2416.995,0.596607,551.8993,137.2546
2024-09-15,59652.29,2353.104,0.578806,559.2056,132.1212
2024-09-16,57982.98,2290.175,0.584089,530.2992,131.4351
2024-09-17,60338.76,2348.001,0.587153,547.1492,132.432
2024-09-18,60201.28,2332.0,0.578917,548.0164,131.404
2024-09-19,62886.92,2461.971,0.587365,563.0619,141.8555
2024-09-20,63121.71,2545.999,0.586853,568.3511,147.0933
2024-09-21,63094.31,2561.806,0.59656,585.4585,148.1148
2024-09-22,62756.28,2546.36,0.5826,580.3,142.1899
2024-09-23,63376.83,2655.867,0.586577,609.7756,144.2741
2024-09-24,64026.8,2647.638,0.59037,607.2696,148.7427
2024-09-25,63427.21,2580.581,0.5854,587.6001,149.5147
2024-09-26,65058.52,2638.924,0.591959,597.1597,155.4656
2024-09-27,65828.47,2694.485,0.587606,607.6094,157.6584
2024-09-28,65699.23,2670.994,0.617068,599.666,156.5372
2024-09-29,65842.26,2665.563,0.644842,599.9599,159.8759
2024-09-30,63686.54,2609.715,0.623101,573.2165,155.7202
2024-10-01,61126.11,2471.097,0.601744,549.757,146.232
2024-10-02,60816.17,2378.371,0.540959,543.2587,140.7934
2024-10-03,60799.82,2350.138,0.525037,544.5346,137.1035
2024-10-04,62273.84,2424.326,0.534495,555.5944,143.5686
2024-10-05,61848.37,2403.029,0.528921,561.1158,141.6687
2024-10-06,62292.44,2417.419,0.53011,564.3041,144.2955
2024-10-07,63354.98,2454.034,0.538838,573.4279,146.766
2024-10-08,62398.78,2454.771,0.531817,583.2797,144.2162
2024-10-09,60848.42,2376.377,0.525737,569.998,139.8767
2024-10-10,60133.77,2384.502,0.529927,561.5928,138.4304
2024-10-11,62839.68,2449.677,0.540024,573.6197,145.8795
2024-10-12,63202.2,2479.246,0.539538,577.5267,146.696
2024-10-13,62869.32,2463.999,0.529383,570.6659,147.9274
2024-10-14,65777.14,2616.561,0.544913,587.606,155.6452
2024-10-15,66415.4,2587.773,0.539865,590.7523,153.5416
2024-10-16,67552.71,2613.501,0.54869,600.7738,153.9177
2024-10-17,67059.85,2602.883,0.545404,589.5936,150.186
2024-10-18,68403.11,2642.156,0.545729,599.1221,154.27
2024-10-19,68206.75,2642.702,0.541675,596.1629,156.9538
2024-10-20,68747.3,2714.554,0.54412,599.802,163.736
2024-10-21,67774.74,2674.556,0.54657,599.5481,167.5497
2024-10-22,67486.23,2632.473,0.533616,594.7715,167.4492
2024-10-23,66343.6,2502.095,0.522845,580.8836,171.2082
2024-10-24,68306.31,2537.241,0.531675,594.6371,177.7314
2024-10-25,67176.75,2490.499,0.517167,585.5441,167.9172
2024-10-26,67088.82,2485.44,0.512628,583.1351,171.2355
2024-10-27,68029.99,2511.02,0.515987,589.0859,177.4947
2024-10-28,69912.68,2566.992,0.519336,601.4787,178.465
2024-10-29,72637.48,2635.813,0.527336,605.2123,179.6057
2024-10-30,72374.23,2658.929,0.523927,596.609,175.2038
2024-10-31,70387.67,2518.297,0.510131,575.9445,169.2679
2024-11-01,69392.09,2511.486,0.511047,571.8052,165.7155
2024-11-02,69414.56,2490.742,0.509652,568.3351,165.9018
2024-11-03,68865.13,2459.85,0.503204,558.682,162.8264
2024-11-04,67874.07,2404.573,0.502907,551.5694,157.9566
2024-11-05,69585.66,2434.498,0.513838,564.9522,167.32
2024-11-06,75683.88,2736.951,0.546027,594.4164,189.1434
2024-11-07,75907.92,2882.861,0.553477,597.5486,195.3376
2024-11-08,76418.77,2960.783,0.55376,596.5475,199.0493
2024-11-09,76542.09,3135.709,0.555161,623.9471,200.108
2024-11-10,80659.15,3185.593,0.59023,626.9509,210.6179
2024-11-11,88079.58,3346.03,0.618705,640.4192,220.5211
2024-11-12,88649.58,3290.537,0.715965,635.1626,215.1798
2024-11-13,89813.8,3183.298,0.69206,616.0269,213.2844
2024-11-14,87656.32,3089.401,0.793595,630.7157,212.0954
2024-11-15,91232.68,3101.15,0.89897,618.9156,218.2633
2024-11-16,90360.01,3134.097,1.10639,621.6575,214.275
2024-11-17,89567.58,3068.203,1.06664,616.5647,234.7694
2024-11-18,91230.05,3151.944,1.12591,619.6071,239.6455
2024-11-19,91941.9,3096.567,1.09197,613.0715,235.7467
2024-11-20,94225.53,3076.501,1.11197,609.4102,236.6031
2024-11-21,98446.55,3374.209,1.20593,622.895,255.0594
2024-11-22,98729.93,3311.771,1.46742,628.6468,255.115
2024-11-23,97737.43,3409.678,1.4848,655.0867,255.2554
2024-11-24,98097.99,3362.189,1.44424,662.2916,253.7235
2024-11-25,94373.3,3449.937,1.41965,638.6403,236.6908
2024-11-26,91776.24,3324.126,1.39027,613.4629,229.8426
2024-11-27,96143.52,3669.906,1.47798,644.644,240.9007
2024-11-28,95652.78,3592.48,1.50878,659.133,237.9619
2024-11-29,97371.03,3598.559,1.75518,653.1665,244.038
2024-11-30,96504.71,3709.503,1.91266,655.5721,238.5054
2024-12-01,97612.33,3723.098,2.17121,657.5152,238.4015
2024-12-02,95406.33,3616.331,2.75389,641.6009,224.5308
2024-12-03,96176.82,3634.297,2.60722,736.4157,236.8362
2024-12-04,98312.21,3847.918,2.375,735.1411,229.4694
2024-12-05,96751.8,3810.872,2.29013,716.2567,235.5065
2024-12-06,100647.7,4029.364,2.4505,734.5289,237.7695
2024-12-07,99717.74,4002.99,2.54478,749.5143,239.0572
2024-12-08,100276.1,4012.786,2.59585,743.8963,236.8426
2024-12-09,96993.09,3716.695,2.21086,681.0943,217.9554
2024-12-10,96896.9,3635.0,2.33474,676.1812,214.5851
2024-12-11,101259.4,3838.07,2.43419,710.0478,228.3819
2024-12-12,100467.1,3883.623,2.35124,708.1728,228.2525
2024-12-13,101246.5,3897.18,2.41586,726.9281,223.7025
2024-12-14,101108.5,3861.542,2.39948,714.6557,217.9904
2024-12-15,103255.6,3888.393,2.4008,714.15,219.2739
2024-12-16,105844.6,4032.128,2.50558,724.5756,217.9488
2024-12-17,105962.2,3882.932,2.55344,721.5778,223.7476
2024-12-18,101110.9,3679.141,2.34744,694.4352,206.3454
2024-12-19,98310.46,3456.242,2.28172,674.5756,196.6908
2024-12-20,97398.67,3469.664,2.28467,677.3459,192.5209
2024-12-21,97090.14,3328.535,2.23598,661.0098,181.0731
2024-12-22,95433.71,3285.036,2.20777,649.3164,181.2041
2024-12-23,95065.19,3455.089,2.2548,697.0717,192.2639
2024-12-24,98702.04,3489.976,2.32443,695.491,196.8303
2024-12-25,98722.24,3472.462,2.29353,700.6788,196.5729
2024-12-26,95704.71,3337.252,2.16589,690.3037,188.8458
2024-12-27,94299.86,3315.992,2.13897,689.4919,184.5701
2024-12-28,95147.19,3404.278,2.19317,722.1199,194.8729
2024-12-29,92953.62,3333.926,2.08642,691.6686,188.8809
2024-12-30,92616.82,3352.487,2.06114,703.2249,190.9318
2024-12-31,93314.95,3333.658,2.07493,699.766,190.8943
2025-01-01,94605.8,3354.604,2.34439,706.2209,194.1533
2025-01-02,96812.2,3437.22,2.40315,705.0301,206.2695
2025-01-03,98256.03,3614.77,2.45874,713.5316,216.8653
2025-01-04,98397.58,3659.358,2.42891,714.5071,217.0467
2025-01-05,98670.54,3644.919,2.4024,708.6428,214.1563
2025-01-06,102041.6,3679.587,2.4221,738.164,218.6312
2025-01-07,97137.92,3396.224,2.29618,696.5225,203.9214
2025-01-08,95262.34,3332.14,2.38788,697.0838,197.8088
2025-01-09,92450.77,3224.037,2.29086,687.6887,185.9188
2025-01-10,94747.8,3272.633,2.34211,693.4144,188.0505
2025-01-11,94548.39,3287.091,2.54658,696.8853,188.2396
2025-01-12,93905.58,3238.393,2.49468,690.8683,186.7759
2025-01-13,94360.33,3130.645,2.52964,686.1817,183.0331
2025-01-14,96662.94,3234.051,2.66728,699.616,188.6108
2025-01-15,99716.45,3430.893,3.08219,712.3414,204.3662
2025-01-16,99814.29,3296.839,3.22573,708.6899,209.7397
2025-01-17,104442.8,3471.286,3.27011,720.7534,219.288
2025-01-18,104196.4,3277.485,3.21717,705.2077,254.1985
2025-01-19,103302.3,3215.813,3.04741,688.0761,252.0175
2025-01-20,103460.0,3313.769,3.13964,682.8585,249.4653
2025-01-21,106011.9,3334.19,3.16968,692.6308,249.4174
2025-01-22,103816.2,3236.863,3.16334,695.4,259.9876
2025-01-23,103988.3,3322.921,3.12039,689.5817,251.5853
2025-01-24,104769.9,3325.703,3.09522,680.4476,254.5178
2025-01-25,105065.8,3334.306,3.12351,687.3494,259.0308
2025-01-26,104314.6,3288.117,3.08184,673.7089,247.2129
2025-01-27,101597.1,3169.617,3.03314,678.3804,234.8289
2025-01-28,101199.8,3082.145,3.0729,664.0581,226.9424
2025-01-29,103488.0,3132.475,3.07928,671.2831,231.7007
2025-01-30,105104.1,3261.123,3.13518,679.0711,240.0916
2025-01-31,102231.6,3295.424,3.03782,676.4838,231.1429
2025-02-01,100642.7,3137.187,2.88631,655.2461,215.8082
2025-02-02,97951.03,2870.259,2.57043,616.515,202.7392
2025-02-03,101770.9,2868.225,2.7058,614.0534,217.7075
2025-02-04,97738.1,2685.305,2.51813,567.688,205.5807
2025-02-05,96464.46,2759.631,2.37439,567.3354,195.9857
2025-02-06,96953.5,2700.689,2.33696,578.6305,190.7033
2025-02-07,96065.64,2583.988,2.38097,574.9472,190.0057
2025-02-08,96481.63,2627.22,2.41419,616.4093,198.3159
2025-02-09,95860.26,2616.734,2.37338,614.6237,197.2537
2025-02-10,97406.81,2658.942,2.41561,614.6645,200.124
2025-02-11,95545.91,2586.006,2.41153,640.4395,196.9383
2025-02-12,97815.28,2746.202,2.47647,701.1091,197.0338
2025-02-13,96413.33,2668.353,2.52725,668.9634,193.9639
2025-02-14,97151.1,2718.452,2.71086,653.3811,199.4239
2025-02-15,97552.59,2695.389,2.74729,661.7963,194.5136
2025-02-16,96876.45,2679.195,2.7597,679.0047,188.7709
2025-02-17,95878.36,2738.452,2.65198,666.52,178.7954
2025-02-18,95256.64,2654.213,2.54502,643.7706,167.676
2025-02-19,96526.32,2721.046,2.70442,651.2088,167.6965
2025-02-20,98149.67,2729.059,2.6863,656.7585,174.0861
2025-02-21,95761.24,2641.812,2.56223,644.5807,168.6903
2025-02-22,96639.23,2796.516,2.59676,667.2332,173.2775
2025-02-23,95786.18,2803.532,2.56437,654.9535,167.7182
2025-02-24,92426.52,2507.76,2.26436,612.7432,139.9316
2025-02-25,88717.93,2508.469,2.33054,625.2279,144.7651
2025-02-26,84256.2,2344.067,2.20995,613.6087,135.4749
2025-02-27,84593.39,2289.38,2.19862,605.9006,137.8567
2025-02-28,84091.08,2215.028,2.1353,584.5805,146.5973
2025-03-01,86064.69,2213.651,2.19029,605.8363,142.3845
2025-03-02,94203.43,2537.317,2.90885,622.916,176.7039
2025-03-03,86564.32,2164.164,2.40429,577.8316,142.5973
2025-03-04,87467.62,2166.035,2.44989,583.4974,143.7198
2025-03-05,90445.85,2237.291,2.5092,597.5861,146.0142
2025-03-06,90312.77,2211.368,2.59397,598.714,143.6286
2025-03-07,86707.85,2143.678,2.39557,594.6342,141.0293
2025-03-08,86349.56,2206.772,2.34233,595.2835,137.2947
2025-03-09,80233.86,2007.596,2.13153,553.683,126.7166
2025-03-10,79446.7,1879.214,2.04667,533.6262,118.9767
2025-03-11,83111.04,1942.965,2.19391,556.9796,126.1659
2025-03-12,83620.63,1909.942,2.23016,572.6625,126.5896
2025-03-13,81357.28,1878.347,2.26663,577.0986,123.5518
2025-03-14,84438.91,1926.809,2.36832,588.0059,135.3914
2025-03-15,84380.96,1943.761,2.40245,615.8577,135.6372
2025-03-16,82087.97,1874.549,2.28984,598.5481,125.7913
2025-03-17,84055.31,1932.065,2.34814,628.036,128.9711
2025-03-18,82370.19,1917.495,2.28019,629.3049,124.9613
2025-03-19,86166.19,2049.21,2.5311,618.53,134.57
2025-03-20,84094.55,1975.641,2.42151,629.5314,127.2375
2025-03-21,84137.7,1965.42,2.38607,634.0294,127.9231
2025-03-22,83936.2,1984.414,2.36499,627.1618,128.6713
2025-03-23,85335.61,1986.794,2.41667,621.7334,131.3805
2025-03-24,87443.24,2076.952,2.44866,635.4065,140.2561
2025-03-25,87480.47,2063.001,2.44444,629.3233,143.4458
2025-03-26,86834.43,2000.33,2.34348,617.7641,136.8865
2025-03-27,87344.49,2007.418,2.34923,638.3823,138.986
2025-03-28,84405.02,1900.307,2.20542,619.5505,129.7347
2025-03-29,82341.3,1816.228,2.11612,600.999,123.3435
2025-03-30,82206.52,1804.626,2.13101,599.0204,124.4154
2025-03-31,82518.49,1823.99,2.08896,605.7976,125.7596
2025-04-01,85176.46,1914.097,2.14207,608.8982,126.3848
2025-04-02,84812.47,1865.99,2.10364,600.2097,125.2847
2025-04-03,82674.13,1811.727,2.06115,592.1571,117.132
2025-04-04,84130.68,1817.121,2.14156,598.4365,123.062
2025-04-05,82885.33,1789.584,2.12715,590.8836,118.8226
2025-04-06,78903.23,1586.617,1.95283,553.5777,106.8559
2025-04-07,79201.38,1567.697,1.91008,557.3923,107.8782
2025-04-08,77017.58,1475.811,1.82556,557.7032,105.7847
2025-04-09,83276.79,1671.49,2.07821,583.8316,119.5492
2025-04-10,79672.27,1524.092,1.97275,574.8752,112.2805
2025-04-11,83645.02,1572.394,2.02963,587.853,121.1079
2025-04-12,85333.78,1646.841,2.15564,598.0307,132.6569
2025-04-13,83585.92,1593.352,2.10827,583.085,127.3518
2025-04-14,84722.41,1625.117,2.14074,586.4059,129.5989
2025-04-15,84216.44,1604.031,2.11892,583.3666,128.1456
2025-04-16,84510.55,1591.431,2.10559,584.7615,132.9467
2025-04-17,85069.51,1588.169,2.07711,591.5692,134.5635
2025-04-18,84630.04,1599.91,2.08111,594.4494,134.1135
2025-04-19,85339.53,1620.77,2.0899,591.63,139.147
2025-04-20,84981.0,1588.682,2.07808,591.1617,137.3624
2025-04-21,87283.73,1578.668,2.07841,597.1097,136.9938
2025-04-22,93055.47,1754.316,2.23919,612.9648,147.7724
2025-04-23,93513.05,1792.217,2.21819,606.4425,150.7703
2025-04-24,93381.73,1761.328,2.20076,600.4001,150.8552
2025-04-25,94665.46,1790.944,2.18291,600.2899,150.4502
2025-04-26,94364.82,1812.111,2.18802,608.0708,148.6348
2025-04-27,94337.72,1803.06,2.26673,606.5406,149.4748
2025-04-28,94540.53,1793.271,2.29907,605.0695,147.5853
2025-04-29,94726.18,1800.38,2.26247,600.5999,146.4055
2025-04-30,94400.11,1792.161,2.20126,598.4603,146.3307
2025-05-01,96454.9,1843.516,2.22178,599.69,150.4651
2025-05-02,96716.4,1837.356,2.20258,599.45,147.6151
2025-05-03,96266.17,1840.816,2.1915,598.83,147.5399
2025-05-04,95656.86,1835.043,2.18416,589.692,147.0607
2025-05-05,94662.99,1815.66,2.13362,598.3508,146.702
2025-05-06,94679.52,1775.632,2.11869,597.5002,144.5154
2025-05-07,97110.91,1802.31,2.1291,600.6099,147.2454
2025-05-08,102786.3,2178.988,2.30108,624.4201,160.6356
2025-05-09,102964.4,2337.352,2.34983,639.862,172.6155
2025-05-10,103754.5,2535.796,2.43996,657.0743,174.1826
2025-05-11,104328.1,2516.517,2.37033,651.8596,173.1254
2025-05-12,102482.3,2479.076,2.53614,662.7211,172.6482
2025-05-13,104342.7,2690.82,2.5763,665.41,182.72
2025-05-14,103616.3,2605.818,2.56193,652.2243,177.4468
2025-05-15,103288.8,2535.0,2.4265,653.3,169.06
2025-05-16,103612.0,2567.26,2.3974,646.71,169.07
2025-05-17,103233.4,2485.751,2.35806,642.0458,167.0033
2025-05-18,104190.8,2406.361,2.37394,642.2842,167.5768
2025-05-19,105474.7,2523.05,2.3813,649.73,166.67
2025-05-20,106619.0,2510.09,2.355,650.0,168.0
2025-05-21,108447.1,2505.451,2.37681,674.4323,170.161
2025-05-22,110875.7,2636.954,2.41276,682.0327,178.1512
2025-05-23,108305.6,2534.822,2.32759,662.169,177.1472
2025-05-24,108829.1,2540.064,2.34273,671.6572,177.3477
2025-05-25,107477.4,2515.241,2.30503,666.3766,171.5272
2025-05-26,109324.8,2562.067,2.31164,672.5755,175.0249
2025-05-27,108923.8,2663.223,2.31696,688.2976,176.4253
2025-05-28,107517.2,2652.89,2.26225,687.8876,171.3844
2025-05-29,106421.7,2660.378,2.28154,678.6043,168.3763
2025-05-30,104588.9,2568.419,2.17995,663.9008,159.912
2025-05-31,104878.1,2543.649,2.19494,660.072,157.8116
2025-06-01,105515.2,2539.764,2.17272,658.2858,156.8539
2025-06-02,104952.5,2560.816,2.18602,662.8563,155.4156
2025-06-03,105420.6,2590.405,2.24302,658.8593,154.8974
2025-06-04,104983.1,2620.059,2.21251,665.9328,155.1675
2025-06-05,101573.3,2437.901,2.10363,634.4703,144.4432
2025-06-06,104448.9,2493.015,2.1744,646.3876,149.2896
