Date,US Financials ETF,European Banks ETF,Global Financials ETF,Asia-Pacific ETF,China Financials ETF,Japan Banks ETF,Latin America Financials ETF,Canada Banks ETF,Australia Banks ETF
2020-06-08,25.4679,14.4174,56.299,62.5838,39.5755,55.5206,21.9126,25.9827,19.129
2020-06-09,24.9247,13.9949,55.1655,62.9903,39.3833,55.2335,21.2965,25.7246,18.7954
2020-06-10,23.9905,13.7629,53.8333,63.6879,39.8542,55.2047,20.6622,25.5073,18.8051
2020-06-11,22.0291,12.8082,49.7593,61.0303,38.2045,52.8835,19.0548,24.0391,17.4542
2020-06-12,22.6941,13.1171,51.0817,61.7577,38.6844,53.8332,19.8378,24.459,17.7781
2020-06-15,23.0098,13.1547,51.3949,61.0014,38.3389,53.2449,19.4962,24.6784,18.0244
2020-06-16,23.372,13.3019,52.0909,61.6222,38.6386,54.2709,19.6641,24.9762,18.2145
2020-06-17,23.0197,13.1999,51.6749,62.0686,38.7929,54.5125,19.7342,24.7935,18.1854
2020-06-18,22.99,13.1085,51.4918,62.2928,38.9283,54.4155,19.3215,24.8422,18.0914
2020-06-19,22.8376,12.8977,51.0484,61.953,38.987,54.154,19.5663,24.7161,17.8761
2020-06-22,22.7247,13.0815,51.2412,63.073,39.2768,54.5224,19.4703,24.9762,18.2795
2020-06-23,22.8307,13.2827,51.5692,63.7845,39.5386,54.667,19.9012,25.0338,18.3076
2020-06-24,22.0252,12.8602,49.9609,63.2375,39.1314,53.5262,19.1181,24.4372,17.7907
2020-06-25,22.6109,13.2461,51.0856,63.3361,39.228,54.1352,19.4262,24.6883,17.9595
2020-06-26,21.6431,12.8602,49.4147,63.0232,38.8606,53.6133,18.6536,24.188,17.6598
2020-06-29,21.8827,13.1181,49.9854,63.2474,38.7262,53.6212,19.0836,24.5345,17.9983
2020-06-30,22.1786,13.0902,50.4112,63.2185,38.3877,53.0815,18.9607,24.8988,18.1108
2020-07-01,21.9866,13.1364,50.1988,63.8622,38.8317,52.9746,19.3734,24.9375,18.2892
2020-07-02,22.0152,13.3847,50.8164,65.3529,40.0882,53.3222,19.5759,25.0625,18.6364
2020-07-06,22.4358,13.7986,52.0234,68.2257,43.8984,54.0094,20.0422,25.2164,18.6557
2020-07-07,21.9776,13.4761,50.9515,66.6085,42.6519,53.5262,19.6286,24.9762,18.3726
2020-07-08,22.2072,13.6147,51.4478,68.3722,44.0238,53.4875,20.0509,25.1787,18.4211
2020-07-09,21.7381,13.3116,50.5081,68.1679,43.7252,53.2261,19.691,24.9186,18.2417
2020-07-10,22.4843,13.6051,51.6181,67.5442,43.077,53.9213,19.8829,25.1886,18.4492
2020-07-13,22.5833,13.5223,51.5887,67.0569,42.5832,53.641,19.5499,25.0338,18.1854
2020-07-14,22.6951,13.8082,52.1878,67.2901,42.2546,54.0669,20.0682,25.5142,18.4579
2020-07-15,23.1474,13.9554,52.8055,67.6807,42.0326,54.7532,20.2092,25.8805,18.8623
2020-07-16,23.1474,13.8996,52.7487,66.3942,41.0748,54.1926,19.9981,25.7366,18.6179
2020-07-17,22.9553,13.8804,52.4687,66.745,41.1525,54.2808,20.0326,25.8606,18.7207
2020-07-20,22.8495,13.9554,52.4589,67.2801,41.6851,54.3174,20.3138,26.0244,18.7964
2020-07-21,23.3008,14.094,53.1246,68.2546,41.8972,54.3471,20.7975,26.1505,19.2473
2020-07-22,23.3008,14.1393,53.1569,67.4565,41.3078,54.2025,21.2025,26.2756,19.2007
2020-07-23,23.3196,13.9092,52.8348,67.038,40.9972,54.0193,20.6123,26.0056,18.9467
2020-07-24,23.2622,13.8544,52.5647,67.32,40.6587,53.9609,20.7178,25.9381,18.8245
2020-07-27,23.0702,13.8544,52.5255,68.6642,40.5721,55.0344,21.4049,26.3232,19.1348
2020-07-28,23.0128,13.8178,52.3229,67.9437,40.2146,54.6947,21.2197,26.217,18.937
2020-07-29,23.4452,13.9631,53.105,69.4135,40.8239,54.7244,21.4472,26.5734,19.2473
2020-07-30,23.0226,13.4761,52.0527,68.5087,40.3978,53.9025,21.1142,26.4006,19.0785
2020-07-31,23.0326,13.2654,51.531,67.7684,40.0006,52.5111,20.5509,26.2756,18.711
2020-08-03,23.0988,13.532,51.9078,68.2447,40.4854,53.5836,20.2793,26.3421,18.9748
2020-08-04,23.0028,13.6696,51.9842,69.7164,41.4044,54.1827,20.1123,26.7173,19.0979
2020-08-05,23.3196,13.7524,52.4785,70.2525,41.4044,54.1451,20.4722,27.025,19.1716
2020-08-06,23.3106,13.7341,52.4864,70.5923,41.4333,54.1055,20.4203,27.1312,19.3045
2020-08-07,23.8083,13.7062,52.8926,69.1126,40.6198,54.1253,20.0854,26.891,19.1629
2020-08-10,23.9806,13.7986,53.3477,69.2192,40.9106,54.3858,20.1555,27.0737,19.3695
2020-08-11,24.2576,14.0016,54.0418,69.3169,40.8717,54.8294,20.0768,27.0637,19.3879
2020-08-12,24.1934,14.2586,54.5733,70.6222,41.4711,55.991,20.1027,27.3139,19.6332
2020-08-13,24.0389,14.094,54.0036,69.7254,41.3944,55.9227,20.0768,27.2474,19.3229
2020-08-14,24.134,14.0016,53.9742,69.57,41.6165,55.9128,20.1123,27.1888,19.3317
2020-08-17,23.7311,13.9631,53.6424,70.6372,42.39,56.1455,19.7515,27.5452,19.5198
2020-08-18,23.5778,13.9362,53.3184,70.2525,42.5553,56.3377,20.1641,27.5164,19.6041
2020-08-19,23.5679,13.9266,53.3096,69.4604,42.1093,56.0376,19.8215,27.3725,19.6235
2020-08-20,23.3472,13.8448,52.8926,68.9761,42.3034,55.8356,19.8215,27.4489,19.5576
2020-08-21,23.3008,13.6965,52.642,70.0084,42.6798,55.6811,19.5663,27.3427,19.3607
2020-08-24,23.8579,13.9169,53.613,70.8464,43.1447,56.3,19.8043,27.4201,19.5392
2020-08-25,23.9231,13.992,53.9351,71.265,43.3179,56.2228,19.9012,27.5263,19.482
2020-08-26,23.8083,14.094,54.0222,71.7034,43.2413,56.3773,19.453,27.9015,19.5857
2020-08-27,24.2112,13.9458,54.1044,71.1095,43.1537,55.8554,19.4876,27.8529,19.5673
2020-08-28,24.3062,14.1855,54.7759,71.5669,43.5021,56.1554,20.1641,27.834,19.6429
2020-08-31,24.0192,13.9266,54.032,70.136,42.5055,56.0772,19.4089,27.6216,19.5392
2020-09-01,24.0854,13.8255,53.9546,71.1972,43.0571,56.2327,20.1392,27.8043,19.5198
2020-09-02,24.4318,13.8717,54.4959,71.245,42.8839,56.7922,20.1392,27.9015,19.8485
2020-09-03,24.0578,13.6051,53.5983,69.8819,42.0037,55.7969,20.0326,27.3526,19.3132
2020-09-04,24.2388,13.7716,53.9899,69.9496,42.1581,56.1059,20.1392,27.1402,19.0689
2020-09-08,23.6174,13.4492,52.9122,69.2192,41.2879,55.6425,19.5576,26.5446,18.8817
2020-09-09,23.8579,13.7427,53.5112,70.2715,41.5687,55.8356,20.0154,27.1789,19.256
2020-09-10,23.5204,13.5964,52.7673,69.1804,40.7463,55.8653,19.5231,26.7471,18.7498
2020-09-11,23.6847,13.6051,53.0962,69.9317,41.1435,56.5892,19.6545,26.8235,18.937
2020-09-14,24.0093,13.6879,53.5308,71.1673,41.4233,56.9962,20.1478,27.0737,19.1067
2020-09-15,23.6847,13.6244,53.1813,72.083,41.7897,57.2557,20.0422,27.1124,19.2473
2020-09-16,23.9529,13.6147,53.4505,71.6346,41.6652,57.4597,20.1209,26.8811,19.2657
2020-09-17,23.7035,13.5041,53.0443,70.9142,41.3168,57.527,20.1555,26.8811,19.1435
2020-09-18,23.6559,13.2923,52.7095,70.7099,41.4044,57.2755,19.4799,26.6597,18.9176
2020-09-21,23.0622,12.6677,51.2412,70.2814,41.0171,56.4258,19.0836,26.1783,18.4676
2020-09-22,22.8703,12.5378,50.8624,69.7553,40.6985,56.5991,18.9953,26.4771,18.6654
2020-09-23,22.3606,12.2538,49.9374,68.9372,40.2535,56.9279,18.3014,25.8706,18.4017
2020-09-24,22.4071,12.3174,49.9472,68.431,39.7497,56.7051,18.7841,26.0443,18.392
2020-09-25,22.6387,12.2346,50.3427,68.4011,39.3534,56.7922,18.6795,26.1783,18.6839
2020-09-28,23.178,12.7591,51.4625,69.1026,39.9627,57.5854,18.3715,26.5247,18.8526
2020-09-29,22.8891,12.584,50.788,69.0179,39.8084,57.5359,18.1354,26.3907,18.6557
2020-09-30,23.1968,12.6388,51.1825,69.9596,40.6109,57.0923,18.5116,26.3709,18.5336
2020-10-01,23.2364,12.6484,51.3284,70.7966,41.1047,57.1022,18.4156,26.5247,18.6839
2020-10-02,23.4195,12.7495,51.5692,69.9596,40.6398,56.8219,18.2918,26.4959,18.6557
2020-10-05,23.8045,13.0257,52.5451,70.8564,40.7951,57.2854,18.9166,27.0062,19.031
2020-10-06,23.5629,13.0353,52.226,70.7398,41.0649,57.1596,18.6613,26.5932,18.7964
2020-10-07,23.9598,13.0989,52.8926,72.083,41.501,57.4597,18.7582,26.9863,19.1629
2020-10-08,24.2864,13.2461,53.4828,72.2973,41.7031,57.4795,19.4175,27.3814,19.4441
2020-10-09,24.315,13.2413,53.4975,72.9021,41.8096,57.4696,19.62,27.5164,19.5673
2020-10-12,24.5862,13.3116,54.0418,73.8368,42.9326,57.6241,19.691,27.5938,19.6982
2020-10-13,24.1132,12.915,53.1246,73.9046,42.8739,57.4409,19.4703,27.3526,19.5489
2020-10-14,23.8816,12.8515,52.642,73.2031,42.3323,57.527,19.4962,27.2762,19.5295
2020-10-15,24.0657,12.6581,52.6224,72.4737,42.0137,57.0437,19.3465,27.1987,19.5014
2020-10-16,24.0845,12.7861,52.874,72.7068,42.6519,56.9279,19.1882,27.1312,19.5014
2020-10-19,23.7173,12.7957,52.5059,72.646,42.632,56.9962,19.3033,26.8811,19.3413
2020-10-20,23.9103,12.9978,52.8348,73.3117,42.8162,57.0041,19.7246,26.9774,19.3229
2020-10-21,23.7847,12.8977,52.7193,73.5349,43.2025,57.4508,19.8484,26.8622,19.3132
2020-10-22,24.2566,12.9978,53.4828,73.5827,43.532,57.2854,20.1824,26.9585,19.482
2020-10-23,24.3348,13.1643,53.8127,74.081,43.6375,57.3141,20.1027,27.0449,19.6235
2020-10-26,23.7847,12.9247,52.8476,73.3685,43.2214,56.7635,19.9357,26.5446,19.3317
2020-10-27,23.3512,12.6215,51.9216,73.9335,43.308,56.9675,19.5231,26.4681,19.1067
2020-10-28,22.7545,12.1335,50.4043,72.658,42.4378,56.1931,18.6085,25.4963,18.5888
2020-10-29,22.9277,12.1422,50.652,73.6704,43.077,56.6189,18.7323,25.6115,18.6742
2020-10-30,22.9949,12.1884,50.6813,72.3371,42.6419,56.2901,18.5039,25.4676,18.5801
2020-11-02,23.4294,12.4377,51.5408,73.6325,43.4922,56.8794,18.6699,25.7941,18.6839
2020-11-03,23.9499,12.9795,53.0384,74.3042,43.5888,58.0776,18.977,26.3709,19.2851
2020-11-04,23.6699,12.9343,52.6714,76.7485,45.4067,57.9806,19.2678,26.5059,19.2948
2020-11-05,24.2478,13.2827,53.9644,78.1415,46.1226,59.4116,20.2879,27.1501,19.9232
2020-11-06,24.0558,13.3116,53.7041,77.733,46.1515,59.4601,20.7543,27.1402,19.962
2020-11-09,26.031,14.4886,57.3943,78.0847,46.6343,61.21,21.5095,27.564,20.7513
2020-11-10,26.1666,14.837,58.4564,76.8083,45.5621,60.9782,21.8953,27.8241,20.7038
2020-11-11,26.0597,14.8467,58.4084,77.5177,46.026,61.3456,21.9836,28.0167,20.986
2020-11-12,25.6252,14.5348,57.2485,76.896,45.5421,60.3979,21.2898,27.564,20.5904
2020-11-13,26.0498,14.9949,58.2342,78.7265,45.9006,61.2575,21.7466,27.699,20.8551
2020-11-16,26.6287,15.2884,59.4421,80.276,46.1027,62.128,22.3444,28.1993,21.1644
2020-11-17,26.5901,15.3529,59.8278,79.8365,45.793,61.8873,22.8367,28.3343,21.2023
2020-11-18,26.3388,15.3722,59.6291,79.8086,45.5909,61.4704,22.6179,28.2569,21.2304
2020-11-19,26.4258,15.4087,59.6731,79.5246,45.5621,61.8774,22.8099,28.3731,21.3904
2020-11-20,26.1942,15.3529,59.4225,79.9441,45.8707,62.5726,22.4941,28.4971,21.4272
2020-11-23,26.6861,15.5271,60.1851,80.2371,45.6875,62.6113,22.758,28.6808,21.4369
2020-11-24,27.6212,16.0796,62.0684,81.0452,45.9394,63.558,23.6102,29.1811,22.0013
2020-11-25,27.5252,15.941,61.8658,80.4513,45.6686,63.1044,23.7071,29.2476,22.0198
2020-11-27,27.4382,15.9053,61.6054,81.8823,47.0127,64.0125,23.664,29.3449,21.8976
2020-11-30,26.8681,15.5367,60.234,79.5944,45.4446,62.2339,23.1275,29.1324,21.3526
2020-12-01,27.2848,16.1257,61.7787,80.7234,45.9095,63.5105,24.2954,29.2962,21.7754
2020-12-02,27.5816,16.2826,62.2426,80.9276,45.5909,63.4025,24.4806,29.4987,21.8607
2020-12-03,27.5916,16.3096,62.2142,81.7457,45.572,63.558,24.8136,29.7002,21.9635
2020-12-04,27.929,16.4472,62.9474,83.1587,45.6298,63.8482,25.2455,30.1529,22.1516
2020-12-07,27.737,16.1623,62.3679,83.1786,45.1837,62.9103,25.113,30.1717,22.0944
2020-12-08,27.7281,16.1537,62.2808,82.7392,45.0404,63.0559,25.1495,30.2392,22.2457
2020-12-09,27.6598,16.144,62.2524,82.3008,44.4778,63.5006,24.8414,30.1628,22.2826
2020-12-10,27.7083,16.0622,62.3679,83.1886,45.0304,63.6075,25.8251,30.3931,22.4232
2020-12-11,27.4282,15.7947,61.5604,82.5648,44.6232,63.7422,25.588,30.2392,22.3204
2020-12-14,27.1096,15.8592,61.4214,82.1523,44.5744,63.9551,25.3309,29.996,22.3873
2020-12-15,27.5718,16.2653,62.2495,82.5349,44.6431,64.4116,25.8193,30.3365,22.652
2020-12-16,27.6212,16.2384,62.3855,82.7312,44.6929,64.4017,26.1466,30.3177,22.7189
2020-12-17,27.6984,16.3211,62.6195,82.8687,44.9776,64.78,26.4757,30.5212,23.0225
2020-12-18,27.457,16.1556,62.0439,82.5549,44.898,64.5958,26.2176,30.1797,22.7383
2020-12-21,27.8251,15.7947,61.8716,81.9361,44.5346,63.8977,25.588,29.9563,22.557
2020-12-22,27.553,15.7571,61.5476,81.2973,44.3882,63.868,25.5353,29.9176,22.4154
2020-12-23,28.0101,16.1825,62.5608,82.1912,44.7616,64.1007,25.8011,30.1221,22.6811
2020-12-24,28.0487,16.2287,62.7565,82.515,44.0149,63.868,25.9162,30.2581,22.6898
2020-12-28,28.1833,16.3115,63.0884,82.7213,44.0846,64.5186,25.8721,30.0536,22.7946
2020-12-29,28.0863,16.248,62.9807,83.7436,44.6531,65.3237,26.1562,30.132,22.7092
2020-12-30,28.213,16.2653,63.2146,85.5612,45.3888,65.3524,26.1917,30.2482,22.8324
2020-12-31,28.5624,16.2018,63.4779,85.6299,45.566,65.5564,26.0496,30.0437,22.6995
2021-01-04,28.1744,16.1171,62.9024,86.8865,45.4376,64.78,26.0324,30.142,22.7752
2021-01-05,28.3001,16.2557,63.3125,88.8415,46.6741,65.3821,26.3155,30.7068,23.0971
2021-01-06,29.55,16.9862,65.5453,88.1241,46.1355,66.1585,26.6091,30.9887,23.4104
2021-01-07,29.9755,17.0045,66.3548,89.1265,46.4591,66.0219,26.9373,31.3202,23.42
2021-01-08,29.9567,16.9217,66.4135,92.1428,47.4209,67.235,27.1686,31.2815,23.5335
2021-01-11,30.0537,16.7003,66.1307,91.7104,46.7827,66.6052,26.4844,30.9599,23.1456
2021-01-12,30.3653,16.8562,67.0361,91.9166,47.391,66.9538,27.1321,31.1743,23.2882
2021-01-13,30.3456,16.6907,66.7924,92.359,47.5284,67.1479,26.6091,31.1257,23.2019
2021-01-14,30.4802,16.8389,67.1633,93.4193,47.7444,67.846,27.3106,31.3391,23.4773
2021-01-15,29.9755,16.4867,66.1013,92.6729,47.7156,66.6824,26.2982,31.0085,23.1737
2021-01-19,30.0537,16.5425,66.3352,95.0495,49.7665,67.0706,26.2627,31.077,23.2882
2021-01-20,29.9289,16.5887,66.3157,96.8083,51.2968,67.4103,26.2358,31.359,23.6955
2021-01-21,29.6074,16.6541,66.0034,98.0259,51.0031,67.1479,25.7829,31.2329,23.7517
2021-01-22,29.3946,16.4135,65.1841,96.8282,50.7482,67.1865,25.2771,30.8229,23.5713
2021-01-25,29.1818,16.0632,64.6281,98.7015,51.916,67.4489,24.9576,30.9113,23.6761
2021-01-26,28.9493,16.2287,64.5792,96.877,51.3764,67.4578,25.1975,30.8041,23.6955
2021-01-27,28.0963,15.7398,62.8153,93.6056,49.4917,65.9833,24.6121,29.9861,23.0409
2021-01-28,28.6198,16.017,63.8294,94.4506,49.5903,66.4101,25.0468,30.3365,23.2019
2021-01-29,28.0487,15.5358,62.2299,92.0143,48.4414,65.0029,24.1064,29.8104,22.5104
2021-02-01,28.4158,15.7485,62.9562,95.0694,49.7665,65.6822,24.7628,30.142,22.8983
2021-02-02,29.1037,16.1171,64.2473,96.4944,50.4734,66.2071,25.1447,30.677,23.1834
2021-02-03,29.2689,16.1267,64.5792,96.5721,50.5899,66.5953,25.2416,30.7852,23.2785
2021-02-04,29.9191,16.3769,65.4866,96.1506,50.345,66.6725,25.0823,30.9013,23.2688
2021-02-05,29.9289,16.478,65.9349,97.0932,50.7283,67.1964,25.6149,31.213,23.5151
2021-02-08,30.3159,16.5791,66.4909,97.153,50.561,68.3996,25.6322,31.623,23.6858
2021-02-09,30.3258,16.7638,66.6475,97.9382,51.2281,68.768,25.7569,31.8364,23.6664
2021-02-10,30.3258,16.7273,66.7356,98.3857,51.7289,68.6422,25.6859,31.9148,23.6198
2021-02-11,30.2278,16.7552,66.9294,99.985,52.6319,69.0017,25.6859,31.9446,23.7895
2021-02-12,30.5386,16.8659,67.3552,100.254,52.5831,69.4275,25.828,32.032,23.8186
2021-02-16,31.0611,17.3558,68.4701,100.124,52.612,69.7286,26.0592,32.1779,24.0077
2021-02-17,31.2173,17.1989,68.568,100.264,53.4562,69.6316,26.041,31.9446,23.8749
2021-02-18,31.0323,17.0603,68.2068,98.6029,52.3073,68.7977,25.6149,31.8563,23.9515
2021-02-19,31.4005,17.2075,68.8509,99.3173,52.612,69.2245,25.6859,32.1878,23.9699
2021-02-22,31.6914,17.374,69.2121,96.4844,50.6785,69.0592,24.2829,32.2653,24.0552
2021-02-23,31.8854,17.4761,69.8738,96.8083,50.8457,68.9037,24.9576,32.2067,24.2831
2021-02-24,32.5038,17.7253,70.8987,95.9732,49.7466,68.3323,25.2071,32.704,24.4528
2021-02-25,31.914,17.4943,69.7182,94.1068,48.9909,67.1568,24.0171,32.0121,23.9127
2021-02-26,31.3035,17.2913,68.4124,93.0556,48.1566,66.1972,23.5469,31.3391,23.23
2021-03-01,32.2821,17.5685,70.0304,95.748,49.432,67.2934,23.7954,32.0409,24.0455
2021-03-02,32.1654,17.6878,70.0304,94.2842,48.4802,66.6329,24.0881,32.3824,24.0077
2021-03-03,32.4187,17.8264,70.557,93.9883,48.8535,66.2358,24.0085,32.1283,23.8555
2021-03-04,32.0496,17.5771,70.0794,91.818,47.4507,65.605,23.8041,31.7888,23.6955
2021-03-05,32.6612,17.7715,71.0543,93.3804,47.9406,66.1387,24.2119,32.2464,23.837
2021-03-08,33.0768,17.9101,71.6495,90.7777,46.253,65.4019,23.3607,32.3526,23.6285
2021-03-09,32.776,17.9284,71.5477,92.7317,47.2536,66.1189,23.6793,32.6355,23.8846
2021-03-10,33.4449,18.0208,72.3317,91.1992,46.8802,66.3517,24.3539,32.8698,23.6955
2021-03-11,33.3479,17.938,72.224,94.5004,48.5688,66.0219,25.1265,33.4048,23.8749
2021-03-12,33.6874,18.0949,72.7409,92.1906,47.2038,66.8953,24.8069,33.5895,23.8283
2021-03-15,33.4924,17.9467,72.4776,92.8892,47.1162,67.2548,24.7359,33.8049,23.903
2021-03-16,33.1451,17.9284,71.9421,92.9181,47.5383,67.4776,24.5593,33.7552,23.8652
2021-03-17,33.3677,18.0574,72.5069,92.7616,47.5085,67.9144,24.9317,34.0391,23.9127
2021-03-18,33.5419,18.067,72.4384,91.3666,47.0873,68.0986,24.5497,33.5031,23.4967
2021-03-19,33.155,17.9929,71.9617,91.8469,47.0973,68.5937,24.8338,33.512,23.3919
2021-03-22,32.7246,17.836,71.3861,91.9266,47.0276,68.1372,24.6303,33.3562,23.5626
2021-03-23,32.2683,17.5771,70.372,90.0493,45.9683,67.1191,24.0977,32.9859,23.2688
2021-03-24,32.3861,17.6233,70.4298,87.575,44.2697,66.3814,23.7062,32.9859,23.2591
2021-03-25,32.9304,17.7619,71.3666,88.1938,44.4958,67.1389,23.8933,32.9174,23.3444
2021-03-26,33.4459,17.9284,72.2436,90.6691,45.801,68.0312,24.0881,33.239,23.742
2021-03-29,33.155,17.7532,71.7473,90.0014,45.5561,67.6232,23.9816,33.1815,23.6373
2021-03-30,33.3885,17.938,72.0009,90.2655,45.7423,67.129,24.2484,33.0445,23.4385
2021-03-31,33.1352,17.7994,71.5614,90.5515,45.791,66.4873,24.5056,33.1715,23.4967
2021-04-01,33.5439,18.0025,72.3219,91.9166,46.5676,67.0894,24.2829,33.7453,23.8186
2021-04-05,33.8062,18.3528,73.0727,92.3879,46.6054,67.9045,24.8069,33.8734,24.16
2021-04-06,33.7378,18.1594,72.7996,93.0456,46.6941,66.8765,24.9489,33.8049,23.9224
2021-04-07,33.9041,18.2701,72.7409,90.9142,45.6347,67.0706,24.8155,33.8049,23.9883
2021-04-08,33.914,18.2422,73.0336,92.1229,46.2331,67.1389,25.2416,34.057,24.1503
2021-04-09,34.2049,18.2335,73.2969,91.248,45.6646,67.6034,24.781,34.1652,24.1871
2021-04-12,34.3513,18.2787,73.5015,91.3168,45.6049,67.1865,24.6735,34.0481,24.1115
2021-04-13,34.0298,18.2335,73.3262,91.6406,45.576,67.6133,24.7445,34.1751,24.2162
2021-04-14,34.2337,18.2604,73.4721,91.6117,45.7223,67.4875,25.2599,34.1751,24.4053
2021-04-15,34.2049,18.2422,73.5112,92.1428,45.7811,67.8084,25.4815,34.3885,24.8601
2021-04-16,34.4483,18.4549,74.1064,92.1906,46.037,67.8856,25.6322,34.467,24.8892
2021-04-19,34.3513,18.5473,73.8529,91.524,46.027,67.235,25.6418,34.2128,24.766
2021-04-20,33.7082,18.0304,72.5559,91.0617,45.8996,65.7802,25.3481,33.5895,24.2918
2021-04-21,34.1763,18.0757,73.1892,91.3078,45.9583,66.3417,25.517,34.1453,24.7282
2021-04-22,33.7962,17.8456,72.5657,90.8943,46.0957,66.4596,25.5612,33.921,24.5672
2021-04-23,34.4285,18.067,73.6091,92.4368,46.704,67.0508,25.6322,34.1265,24.8698
2021-04-26,34.5651,18.2604,74.0291,92.2006,45.9971,66.7983,25.8376,34.4769,25.0027
2021-04-27,34.8372,18.4087,74.5459,92.3192,46.1843,65.9833,25.6149,34.5166,24.8601
2021-04-28,34.9748,18.6214,74.9541,92.643,46.4004,65.9635,26.0851,35.1003,25.0783
2021-04-29,35.5973,18.7782,75.7538,92.4856,46.3605,66.0219,25.9249,35.0705,24.9551
2021-04-30,35.2845,18.5193,74.9639,90.5804,45.4187,65.4198,25.1888,34.6903,24.5285
2021-05-03,35.4597,18.6945,75.3544,90.413,45.1728,66.1972,25.3395,34.8859,24.8504
2021-05-04,35.7428,18.3442,75.2272,89.4404,44.7218,65.3623,25.0996,34.8283,24.7001
2021-05-05,36.0346,18.63,76.115,89.5391,44.9478,66.1486,25.5612,35.1489,25.0414
2021-05-06,36.5701,18.861,77.178,90.0991,45.0742,66.6824,26.0851,35.4507,25.0783
2021-05-07,36.765,19.1016,77.7624,91.0019,45.1927,67.0112,26.6619,35.8597,25.3634
2021-05-10,36.7353,19.0824,77.6166,88.5964,43.9073,66.8765,26.7953,35.8597,25.4293
2021-05-11,36.0832,18.8706,76.5927,87.9876,43.8974,65.7406,26.8922,35.6462,25.2111
2021-05-12,35.713,18.6483,75.6863,85.6399,43.3578,63.4897,26.0141,35.2859,24.7757
2021-05-13,36.287,18.8793,76.8178,84.9125,42.7395,64.0135,26.1466,35.3534,24.8795
2021-05-14,36.861,19.3134,78.2019,86.6324,43.3866,65.0227,26.6446,35.8894,25.1171
2021-05-17,36.9292,19.221,78.0747,86.2089,43.8098,64.479,26.6533,36.2299,25.0686
2021-05-18,36.4137,19.2672,77.7135,87.7116,44.1632,65.294,26.7598,36.2895,24.993
2021-05-19,36.19,19.0362,77.0028,87.6139,44.2897,64.9652,26.2982,35.948,24.5575
2021-05-20,36.2098,19.1748,77.4991,88.1241,44.7317,65.5564,26.4489,36.3768,25.1549
2021-05-21,36.5701,19.2768,77.7526,86.9363,44.2996,65.9159,26.1648,36.3272,24.927
2021-05-24,36.7452,19.3692,78.0845,87.594,44.2409,66.2071,26.2982,36.6111,25.1074
2021-05-25,36.3741,19.2672,77.7331,88.8216,45.2912,66.0516,25.9431,36.3669,25.1646
2021-05-26,36.4829,19.1661,78.0943,89.559,45.566,66.1972,26.2982,36.5615,25.2015
2021-05-27,36.9006,19.4337,78.8646,89.2142,45.5362,66.2457,26.6619,36.8344,25.344
2021-05-28,36.9688,19.5078,79.0888,89.6965,45.3789,66.5467,27.1849,36.893,25.344
2021-06-01,37.1925,19.6185,79.265,91.818,46.5676,66.1288,27.9401,37.1461,25.4584
2021-06-02,37.2519,19.6464,79.4695,91.4054,46.3804,66.7408,28.4632,37.2345,25.7047
2021-06-03,37.3379,19.554,79.3521,90.3053,45.4575,66.7597,28.1887,36.9804,25.5331
2021-06-04,37.4359,19.5819,79.6448,91.2779,45.9294,67.4875,28.6503,37.2246,25.9501
2021-06-07,37.1925,19.6367,79.4206,90.3741,45.4376,67.75,28.7654,37.2345,25.9035
2021-06-08,37.0955,19.5636,79.1279,89.7065,45.2225,67.4192,28.5706,37.1848,25.9414
2021-06-09,36.7452,19.3134,78.3674,89.3129,45.2225,66.9439,28.42,37.0191,25.695
2021-06-10,36.3167,19.3798,77.7898,90.1519,45.4685,67.2271,28.491,37.1173,25.9637
2021-06-11,36.5503,19.399,78.0933,89.9944,45.3599,67.3251,28.348,37.0687,25.9443
2021-06-14,36.1702,19.3894,77.5451,90.1519,45.4983,67.3053,28.5179,37.2355,26.0025
2021-06-15,36.2395,19.5213,77.7311,89.3029,44.8781,67.6282,28.4555,37.2643,25.9637
2021-06-16,36.1999,19.2951,77.6528,88.6522,44.1881,67.5212,28.1321,37.0091,25.8483
2021-06-17,35.1302,19.0497,76.0778,89.4215,44.8084,67.2667,27.8806,36.6081,25.6369
2021-06-18,34.2831,18.5319,74.3658,88.5825,44.8582,65.7317,27.7636,36.1376,25.0027
2021-06-21,35.0837,18.7956,75.6275,88.721,44.8482,66.4259,28.1138,36.6369,25.3392
2021-06-22,35.1431,18.7292,75.5786,88.0593,44.4838,66.5042,28.3298,36.8434,25.3392
2021-06-23,35.2123,18.6445,75.5884,89.0667,45.0453,65.9961,28.3835,36.7739,25.1181
2021-06-24,35.6517,18.8985,76.2246,89.9745,45.5172,66.5725,28.9948,36.8334,25.3198
2021-06-25,36.0802,19.0025,76.9979,91.1693,46.3844,66.8755,28.5898,36.9506,25.3392
2021-06-28,35.817,18.7292,76.2932,91.0108,46.4919,66.6022,28.5275,36.6766,25.1568
2021-06-29,35.6893,18.6445,76.0778,91.0806,46.1475,66.6507,28.5543,36.5783,25.1753
2021-06-30,35.8466,18.4279,75.9408,90.4777,45.6158,66.0159,28.3115,36.5297,24.9736
2021-07-01,36.1297,18.6069,76.2932,89.6985,45.3799,65.9664,27.8538,36.8821,24.8873
2021-07-02,36.0901,18.5319,76.3617,89.2142,44.7895,66.3774,28.2578,36.8821,25.1374
2021-07-06,35.5231,18.3808,75.3437,87.9607,43.539,66.1328,27.1532,36.5982,24.801
2021-07-07,35.5725,18.3336,75.3339,87.576,43.6176,66.1625,27.2789,36.4701,25.0696
2021-07-08,34.859,17.9563,73.7883,85.3549,42.2586,65.1356,26.7934,35.951,24.6856
2021-07-09,35.8654,18.4751,75.6961,87.2891,43.4693,66.8854,27.2338,36.5198,25.1084
2021-07-12,36.2177,18.5501,76.2051,87.2303,43.3219,67.0805,27.4766,36.5098,25.0696
2021-07-13,35.8268,18.2961,75.5688,88.0105,43.8148,66.8656,27.3778,36.3917,24.926
2021-07-14,35.6606,18.3711,75.4318,88.444,43.6276,67.1984,27.7098,36.1862,25.0221
2021-07-15,35.7774,18.1921,75.2751,88.6124,44.0507,66.3774,27.5486,36.0294,24.7816
2021-07-16,35.2885,18.0227,74.6007,87.7733,43.7162,65.703,27.2521,35.6075,24.6089
2021-07-19,34.3029,17.3817,72.4766,86.164,43.1348,64.7642,26.3807,34.7945,24.0892
2021-07-20,35.1529,17.6175,73.6708,86.5985,42.9187,65.5366,26.6859,35.3534,24.3878
2021-07-21,35.7576,18.1353,74.9619,86.6284,43.0461,66.006,27.1264,36.0195,24.7525
2021-07-22,35.3677,18.1257,74.5616,87.1416,43.2234,65.9664,27.063,35.9808,24.7146
2021-07-23,35.4271,18.2585,74.6105,85.621,42.1212,66.3378,26.9555,36.1962,24.8873
2021-07-26,35.6319,18.5501,75.0011,82.5997,39.8662,66.1031,27.3596,36.1862,24.9163
2021-07-27,35.622,18.4654,74.9228,80.8031,38.5569,65.7416,27.135,36.0691,24.8679
2021-07-28,35.5725,18.4751,75.0794,83.37,40.8807,66.0942,27.7185,36.3232,24.801
2021-07-29,35.9634,18.7109,75.7156,83.6759,40.3092,66.319,27.9162,36.6955,25.0124
2021-07-30,35.6804,18.5501,75.187,82.8767,39.915,65.5951,26.6773,36.5883,24.7719
2021-08-02,35.6893,18.5222,75.1773,83.3211,40.4864,66.2308,26.8481,36.5098,24.9542
2021-08-03,36.0901,18.682,75.9506,83.074,40.1808,66.7191,27.0726,36.5297,25.1568
2021-08-04,35.7872,18.7195,75.6373,84.209,40.7224,66.0348,26.6859,36.4513,25.1374
2021-08-05,36.2573,18.8524,76.4106,83.8044,40.2694,66.4259,26.7224,36.6865,25.3198
2021-08-06,36.9896,19.0314,77.4864,83.0342,39.7975,66.2893,26.7934,36.7451,25.3198
2021-08-09,37.0866,19.0497,77.6822,83.8542,40.5352,66.2496,26.7041,36.627,25.2238
2021-08-10,37.4785,19.0872,78.1618,83.8144,40.9783,66.2893,26.8481,36.8722,25.3585
2021-08-11,37.908,19.3326,79.1896,83.6858,41.3237,67.1102,27.0007,37.0588,25.4836
2021-08-12,37.9762,19.3134,79.1113,82.6495,40.6935,66.8854,26.6408,36.9804,25.4061
2021-08-13,37.6932,19.4366,78.8372,82.0078,40.7124,67.0904,26.8116,36.9605,25.5796
2021-08-16,37.5943,19.2662,78.6708,81.0602,40.0334,66.6309,26.3174,36.7451,25.3101
2021-08-17,37.331,18.9178,77.7507,78.859,38.9114,66.0744,26.1744,36.3629,24.6952
2021-08-18,36.8718,18.9178,77.3493,79.421,39.226,65.7317,25.6888,36.1565,24.5032
2021-08-19,36.5987,18.6637,76.4596,77.3384,38.4385,65.1068,25.2397,35.4904,24.3006
2021-08-20,36.8234,18.7667,76.8805,77.3284,38.0741,65.1554,25.375,35.7554,24.3491
2021-08-23,37.1262,18.965,77.6234,78.7603,38.8128,66.0159,25.5545,36.4801,24.5895
2021-08-24,37.3498,19.0025,77.9464,81.1987,40.1718,66.6022,26.3087,36.7451,24.801
2021-08-25,37.7902,19.1257,78.6219,81.109,39.8363,66.4744,26.5784,36.7937,24.8679
2021-08-26,37.6041,18.937,78.1031,80.2112,39.2061,66.1328,26.0756,36.3332,24.6371
2021-08-27,38.1029,19.1257,78.9351,80.5958,39.5217,66.5923,26.7224,36.8136,25.0027
2021-08-30,37.5645,18.965,77.9758,80.4583,39.5804,66.5042,26.6321,36.755,24.993
2021-08-31,37.5181,18.9419,77.9758,82.0377,40.3092,66.8557,26.5784,36.5982,24.9163
2021-09-01,37.3013,19.1343,78.1031,83.637,41.2053,67.9411,26.5064,36.8334,25.1665
2021-09-02,37.429,19.1343,78.2793,82.8468,40.7622,68.254,26.1379,37.2643,25.3779
2021-09-03,37.1945,19.1343,78.1129,83.2315,40.8309,70.1891,26.0487,37.3427,25.5118
2021-09-07,36.9698,19.0497,77.7605,84.1701,41.7957,70.9219,26.0842,36.9119,25.3779
2021-09-08,36.8818,18.8524,77.4668,82.8468,41.3427,70.6189,24.9528,36.6766,25.2335
2021-09-09,36.9896,18.8331,77.5549,82.0766,40.9594,71.2448,25.375,36.755,24.9833
2021-09-10,36.7155,18.7012,77.135,81.9978,40.9295,71.1665,25.3203,36.4999,24.801
2021-09-13,37.1351,18.9553,77.8975,81.7607,40.8409,72.144,25.6082,36.617,25.0027
2021-09-14,36.6373,18.7667,77.1252,80.7443,39.915,71.7429,25.4105,36.3332,24.7525
2021-09-15,36.9896,18.8985,77.5745,80.3298,39.6402,72.447,25.4374,36.8235,24.993
2021-09-16,36.8818,18.9082,77.506,79.3223,39.0587,72.2806,25.1677,36.4999,24.9163
2021-09-17,36.7155,18.6637,76.8217,79.3323,39.3046,71.7726,24.5574,36.0294,24.4548
2021-09-20,35.8624,17.8812,74.6682,76.5482,37.5922,70.7367,23.8837,35.2938,23.8205
2021-09-21,35.813,17.9563,74.8347,77.17,38.0542,71.3715,24.1889,35.4417,24.0989
2021-09-22,36.4117,18.3143,75.9701,78.2462,38.7829,70.8536,24.6111,35.8825,24.2531
2021-09-23,37.3043,18.682,77.4668,78.6218,38.4584,71.2646,24.8539,36.3332,24.6186
2021-09-24,37.5013,18.6445,77.5647,77.447,37.6509,71.02,24.5305,36.1664,24.3491
2021-09-27,38.0108,18.9178,78.7002,78.5919,38.1926,70.9615,24.6562,36.4602,24.4935
2021-09-28,37.3825,18.4934,77.3787,77.4071,38.2413,69.4266,23.8386,35.7743,23.7721
2021-09-29,37.4121,18.5501,77.4864,76.6668,37.9656,69.3879,23.8837,35.5887,23.7052
2021-09-30,36.8234,18.4934,76.763,77.1999,38.3299,68.664,23.8386,35.5787,23.8584
2021-10-01,37.4319,18.6724,77.6136,76.7555,38.0253,68.3511,24.3511,35.9023,23.9738
2021-10-04,37.1084,18.5598,77.0567,75.3146,37.0795,66.4556,23.8117,35.9212,24.0795
2021-10-05,37.8337,18.9178,78.3967,75.8377,37.6012,66.827,23.6947,36.1664,24.3394
2021-10-06,37.8733,19.0121,78.4359,75.482,37.4339,66.2496,23.6947,36.1376,24.157
2021-10-07,38.099,19.04,78.9155,78.0588,38.9602,66.6309,23.6947,36.7054,24.4645
2021-10-08,38.286,19.1343,79.3658,78.2073,39.3345,66.3279,23.8568,36.9605,24.4838
2021-10-11,37.903,19.1536,78.7197,78.0489,39.3046,66.622,23.6227,36.8622,24.5032
2021-10-12,37.7852,19.1728,78.7295,77.0524,39.0886,66.1912,23.686,37.0002,24.6468
2021-10-13,37.5685,19.1728,78.4652,78.4634,39.8761,66.1526,23.9106,37.4012,24.7525
2021-10-14,38.1969,19.3326,79.3756,78.7793,39.689,66.7775,23.9192,37.9403,25.0317
2021-10-15,38.7669,19.5684,80.4122,79.994,40.0733,67.4816,24.5392,38.2152,25.1471
2021-10-18,38.7768,19.5116,80.3535,79.7668,40.3092,67.1488,24.3146,38.2738,25.0221
2021-10-19,39.1588,19.6724,81.0582,81.8693,41.4611,67.5697,23.7666,38.5488,25.3682
2021-10-20,39.4725,19.7378,81.6064,81.5435,41.5398,67.5014,23.9912,38.8624,25.599
2021-10-21,39.3062,19.6724,81.1659,81.3661,41.501,66.3279,23.2283,38.7145,25.3585
2021-10-22,39.8555,19.7753,81.8315,81.3163,41.5497,66.8755,23.1381,38.7741,25.5118
2021-10-25,39.8069,19.757,81.8511,81.5245,41.6782,66.9052,23.7753,38.8327,25.666
2021-10-26,39.8367,19.8514,81.949,81.0103,40.8409,66.9151,23.5517,38.5388,25.6175
2021-10-27,39.1786,19.7282,81.068,80.2949,40.3779,66.4259,23.2455,38.2252,25.5312
2021-10-28,39.6585,19.9168,81.7336,80.6257,40.4665,66.9538,23.0747,38.8128,25.8104
2021-10-29,39.5021,19.8417,81.3225,78.9865,39.7089,66.8557,22.5268,38.4008,25.4352
2021-11-01,39.5219,20.1055,81.7141,79.9541,40.4277,67.8629,22.7878,38.8525,25.4449
2021-11-02,39.6199,20.0208,81.4596,78.868,39.3246,67.7846,22.4289,38.5488,25.1568
2021-11-03,39.7674,20.2373,82.0077,79.3323,39.6591,68.1956,22.7609,38.8227,25.3489
2021-11-04,39.2468,19.8225,80.9799,79.2137,39.4231,68.6838,22.3924,38.6659,25.2238
2021-11-05,39.2666,19.964,81.2344,78.6019,38.7342,68.772,22.6976,38.8714,25.4061
2021-11-08,39.4823,19.9457,81.5672,79.3024,39.1673,68.6254,22.7964,39.0679,25.4546
2021-11-09,39.2666,19.8129,81.0582,78.9865,38.8516,68.1956,22.9759,39.0679,25.2625
2021-11-10,39.1984,19.6627,80.7352,78.9277,39.2061,67.13,22.8233,38.6957,24.9542
2021-11-11,39.3062,19.7282,81.0387,80.3198,40.7622,67.5212,23.282,38.6758,24.8397
2021-11-12,39.3943,19.7378,81.2344,80.557,40.7821,68.4986,23.0661,39.2049,25.0599
2021-11-15,39.3943,19.7195,81.1268,80.7543,40.4765,68.4392,22.9673,39.1066,25.0793
2021-11-16,39.3547,19.6339,80.9603,81.1787,40.9882,68.3026,22.545,39.0282,24.9357
2021-11-17,38.9035,19.6059,80.2556,80.6058,40.5263,68.0193,22.069,38.7443,24.5314
2021-11-18,38.7075,19.5492,79.8934,79.4608,39.6491,68.1956,21.6736,38.8426,24.5508
2021-11-19,38.286,19.0785,78.7491,79.5007,39.8861,68.3323,21.6381,38.4703,24.3491
2021-11-22,38.8253,19.0785,79.3952,79.3821,39.3733,67.9797,21.7907,38.0782,24.32
2021-11-23,39.4339,19.1064,80.3143,78.6418,39.1673,68.058,21.997,38.3324,24.6371
2021-11-24,39.3448,19.0314,80.1283,78.5331,39.2758,67.2271,22.0422,38.5289,24.5411
2021-11-26,38.0406,18.2489,77.32,76.1835,38.1726,65.4485,21.5028,37.431,23.6091
2021-11-29,38.1583,18.324,77.3689,76.4007,37.8082,65.6347,21.5575,37.5094,23.7915
2021-11-30,37.2459,18.1642,75.9799,75.5318,37.6012,64.8325,21.3685,36.6369,23.5131
2021-12-01,36.8332,18.1825,75.4318,76.4994,37.5126,64.4909,21.189,36.1277,23.3105
2021-12-02,37.9327,18.5501,77.4374,77.1799,37.7694,65.4584,22.0873,36.7739,23.7052
2021-12-03,37.3142,18.2768,76.5868,75.482,36.8923,65.8397,21.9251,36.4215,23.3687
2021-12-06,37.8832,18.6069,77.7898,76.9826,37.5922,65.8783,22.2216,37.1074,23.7052
2021-12-07,38.5611,18.8706,78.984,78.0987,38.094,67.4133,22.6439,37.98,24.157
2021-12-08,38.3543,18.9082,78.8078,78.286,38.2613,67.335,22.8953,37.7249,24.3684
2021-12-09,38.2761,18.6916,78.3184,77.7131,38.2712,66.7874,22.5181,37.3129,24.224
2021-12-10,38.3157,18.7388,78.5729,77.6443,38.2613,66.8854,22.5901,37.2742,24.2627
2021-12-13,37.903,18.4404,76.5281,76.4884,37.6041,66.2417,22.1679,36.6587,23.359
2021-12-14,38.1286,18.4885,76.9196,76.5382,37.5145,66.1625,22.0239,36.4701,23.263
2021-12-15,38.2365,18.604,77.0762,76.0599,36.4293,67.3014,22.1487,36.7977,23.5219
2021-12-16,38.7174,18.7195,78.0639,75.6813,36.6185,67.3806,22.5037,36.9168,23.388
2021-12-17,37.8634,18.4693,76.5672,75.4122,36.1804,66.5586,22.427,36.5198,23.1185
2021-12-20,37.1242,18.3634,75.5101,73.9275,35.4138,65.9941,21.7552,36.0036,23.1379
2021-12-21,37.8931,18.6907,76.7434,75.8507,36.4592,66.3804,21.9375,36.8275,23.5316
2021-12-22,38.0702,18.8832,77.271,76.0001,36.3795,66.4893,22.1775,37.3139,23.8778
2021-12-23,38.2682,19.0756,77.78,76.5183,36.4692,66.7468,22.1967,37.6712,24.032
2021-12-27,38.662,19.3066,78.3967,76.5283,36.3696,66.6874,22.5133,38.0286,24.1949
2021-12-28,38.6818,19.2874,78.5533,76.0799,35.9514,66.7666,22.4078,37.9591,24.128
2021-12-29,38.6323,19.3547,78.5729,75.6912,35.5333,66.4497,22.1007,37.8499,24.2337
2021-12-30,38.5641,19.2489,78.3771,76.9368,36.8276,66.2615,22.5613,37.969,24.2434
2021-12-31,38.4947,19.297,78.3674,76.2891,36.4194,66.311,22.5133,38.1477,24.0785
2022-01-03,38.9678,19.4895,79.17,76.6678,36.3895,66.3804,22.3598,38.2867,24.1173
2022-01-04,39.993,19.9418,80.9417,76.6877,35.7324,67.2518,22.2926,37.9095,24.4858
2022-01-05,39.5299,19.7878,80.0901,75.1531,35.0853,66.9448,21.9184,37.4429,24.1852
2022-01-06,40.1108,19.99,81.1082,75.7025,35.7025,66.4497,22.1775,37.7308,23.7585
2022-01-07,40.5847,20.2402,82.2241,76.5482,36.4692,66.0239,22.6285,38.0286,23.8749
2022-01-10,40.4462,20.2306,82.0283,76.4286,36.4891,65.8654,22.379,37.8896,23.6906
2022-01-11,40.8015,20.4134,82.919,78.6109,37.6539,66.3804,23.0411,38.5746,23.9912
2022-01-12,40.8312,20.6637,83.3106,80.1255,38.4902,67.3311,23.6649,39.0709,24.2143
2022-01-13,40.6729,20.7503,83.3889,78.8899,37.5743,66.6577,23.6745,38.7433,24.127
2022-01-14,40.2493,20.7503,83.0267,79.0892,37.9526,66.5784,23.8089,38.8426,23.8555
2022-01-18,39.3517,20.4327,81.5584,77.3155,37.5345,65.5287,23.6457,38.7632,23.4579
2022-01-19,38.6917,20.2594,80.5698,77.6642,37.6938,64.7167,24.0296,38.6639,23.5645
2022-01-20,38.4453,20.0381,80.1195,78.8899,38.8586,64.4295,24.0296,38.3264,23.39
2022-01-21,37.6566,19.836,78.847,77.2656,38.092,64.1819,23.8568,37.3238,22.7306
2022-01-24,37.7654,19.4799,78.4555,77.0265,37.4847,63.9046,23.569,37.0955,22.5463
2022-01-25,37.9228,19.6242,78.9253,76.5781,37.5245,63.6768,23.9816,37.294,22.4881
2022-01-26,38.0218,19.7397,78.9449,75.4023,36.8077,62.7955,24.116,37.0558,22.2845
2022-01-27,37.6764,19.759,78.2793,73.8677,36.1506,61.9042,24.2119,36.7679,21.7899
2022-01-28,38.1692,19.759,78.7981,74.0869,36.041,62.1419,24.1447,37.0459,21.8869
2022-01-31,38.5047,19.9996,79.6007,77.1261,37.7734,63.459,24.4422,37.9095,22.1487
2022-02-01,39.037,20.3701,80.8634,77.5148,38.0223,63.4788,24.9317,38.3959,22.4396
2022-02-02,39.3033,20.5001,81.3431,77.5646,37.6938,64.4493,24.7397,38.5547,22.5754
2022-02-03,38.8688,20.4038,80.6481,76.4386,37.4648,63.1024,24.3559,37.8996,22.3233
2022-02-04,39.5299,20.3749,81.4508,77.0962,37.8132,63.5976,24.3751,38.108,22.4106
2022-02-07,39.6477,20.5578,81.9108,76.6877,37.5842,63.6372,24.5766,38.2768,22.5948
2022-02-08,40.1998,20.885,82.9876,77.2856,37.9526,64.0036,24.8741,38.4753,23.0215
2022-02-09,40.4561,21.0198,83.7413,78.6109,38.5998,64.885,25.0468,38.9915,23.39
2022-02-10,40.1018,20.7984,83.105,77.8137,38.1318,63.8551,25.2004,38.6341,23.1766
2022-02-11,39.5397,20.1728,81.9793,76.8372,37.4847,63.3401,25.4403,38.5547,22.9439
2022-02-14,39.0954,19.9803,81.2648,76.2891,37.1263,63.3401,25.3731,38.2271,22.9924
2022-02-15,39.6279,20.4327,82.2926,77.4948,37.6938,64.0432,25.7569,38.5646,23.3706
2022-02-16,39.6575,20.4231,82.3709,78.0927,37.9327,64.0531,26.064,38.4356,23.6227
2022-02-17,38.6719,19.913,80.6775,77.176,37.6241,63.1124,25.3731,37.9293,23.4385
2022-02-18,38.662,19.8167,80.2761,75.8507,36.5488,63.0133,25.2867,37.4727,23.2542
2022-02-22,38.4651,19.4317,79.6497,74.2264,35.5731,62.5083,25.5458,37.2643,23.39
2022-02-23,37.7951,19.2008,78.4359,73.1503,35.155,61.8646,25.5074,37.0062,23.2445
2022-02-24,37.3409,18.4116,76.7033,72.0143,34.8961,61.5081,25.0372,36.8275,23.07
2022-02-25,38.5443,18.8543,78.9351,72.7716,35.0653,62.9341,25.5362,37.8698,23.487
2022-02-28,37.9722,17.9977,77.134,72.1239,34.7468,62.33,25.8145,37.9393,23.3221
2022-03-01,36.572,17.016,74.4715,71.4662,34.6771,61.4783,25.8433,37.4231,23.1185
2022-03-02,37.5191,17.4299,75.9496,71.2769,34.4182,61.6863,26.1792,38.2966,23.8652
2022-03-03,37.4003,17.0449,75.4797,70.5495,33.5421,61.3793,26.6494,38.1576,23.6421
2022-03-04,36.7007,15.9284,73.6493,68.5765,32.8252,60.5871,26.4191,38.2569,24.0203
2022-03-07,35.3597,15.2644,70.9182,65.7665,31.5807,58.4579,25.5362,37.7804,23.5548
2022-03-08,35.1529,15.9862,71.2413,65.7764,31.1327,57.6161,25.7857,37.4132,23.1863
2022-03-09,36.4443,16.9968,73.9038,67.6896,31.6504,59.1709,26.4671,38.1676,23.6809
2022-03-10,36.1386,16.6888,73.4437,65.6768,30.2167,58.9233,26.3999,38.4356,23.8942
2022-03-11,35.8822,16.554,73.1109,64.0227,28.9424,57.9727,26.0065,38.2371,23.6421
2022-03-14,36.3355,17.1411,74.1289,61.95,27.0009,58.0519,25.4019,37.6415,23.3512
2022-03-15,36.8481,17.2855,74.9022,62.1294,26.9511,59.0026,25.0948,37.8201,23.5742
2022-03-16,37.8832,18.1421,77.457,69.3836,32.6759,60.3197,25.7186,38.5646,24.3597
2022-03-17,38.3562,18.1228,78.0541,68.6562,31.4712,60.8842,26.4095,39.3389,24.6022
2022-03-18,38.4453,18.1709,78.524,70.1609,33.0243,61.6665,27.0141,39.4878,24.9125
2022-03-21,38.4057,18.0458,78.2793,68.1779,31.6405,61.6467,27.5899,39.9146,24.9125
2022-03-22,39.0292,18.4693,79.6594,70.0911,33.0343,61.8349,27.8874,40.0834,25.1937
2022-03-23,38.3067,18.0266,78.1814,69.563,32.8252,61.4684,28.1849,39.7658,25.2131
2022-03-24,38.6135,18.0554,78.6708,69.4434,32.4668,62.1419,28.6743,39.8948,25.5622
2022-03-25,39.1084,18.0988,79.3266,68.6761,31.979,62.1319,28.8566,40.2919,25.698
2022-03-28,38.9994,18.0939,79.17,69.2043,32.4768,61.2011,28.6743,40.0735,25.5719
2022-03-29,39.0886,18.7195,79.9531,70.5495,33.1737,62.4092,29.0869,40.2919,25.8725
2022-03-30,38.8114,18.5463,79.4147,70.0114,32.9945,61.7556,29.0198,40.3613,25.8919
2022-03-31,37.9208,18.1998,77.7702,68.3872,31.8296,61.0129,29.1637,39.9146,25.6301
2022-04-01,37.8218,18.4212,78.2401,69.3438,33.0542,61.3298,29.7107,39.9246,25.8822
2022-04-04,37.6536,18.3153,77.9073,70.983,34.1793,61.825,29.8738,40.3216,26.0665
2022-04-05,37.4161,18.017,77.1927,69.3936,33.2434,60.2107,29.0581,40.0338,25.9307
2022-04-06,37.1588,17.7667,76.5467,68.1679,32.5962,59.3096,28.6935,39.6069,25.7561
2022-04-07,37.1192,17.8341,76.3705,67.3508,32.1084,59.1016,28.799,39.4977,25.727
2022-04-08,37.4953,17.94,76.9676,67.0121,32.1383,58.854,28.6551,39.597,25.7367
2022-04-11,37.3271,17.8341,76.5369,66.0853,31.3716,57.933,28.5399,39.2793,25.4652
2022-04-12,36.9214,17.6416,75.7832,65.7167,31.2522,57.1705,28.396,39.1106,25.5622
2022-04-13,36.9214,17.8341,75.9887,67.1914,31.8595,57.9925,28.5399,39.5176,25.698
2022-04-14,36.5057,17.8341,75.4112,65.8163,31.5011,57.834,28.1561,39.3885,25.5913
2022-04-18,36.7234,17.786,75.5678,65.2882,31.2123,57.1408,28.3288,39.4183,25.5137
2022-04-19,37.2281,17.8533,76.1747,65.3081,30.9037,57.1507,28.2136,39.726,25.8337
2022-04-20,37.4853,18.0651,76.8893,64.8398,29.9977,57.6855,28.1561,40.0437,25.9889
2022-04-21,36.8916,17.9111,76.0377,63.1557,29.1116,57.2101,27.2924,39.1602,25.4846
2022-04-22,35.7932,17.5839,73.9527,63.0063,29.3804,56.3584,26.5055,37.8996,24.5246
2022-04-25,35.8526,17.3336,73.6003,62.6675,29.0519,56.7051,25.9393,37.5621,24.1076
2022-04-26,34.952,16.6695,71.5839,61.1529,28.4346,55.5068,25.0372,36.7382,23.6615
2022-04-27,34.9224,16.6118,71.5349,61.7707,29.3406,55.7247,25.2483,36.8176,23.8749
2022-04-28,35.3677,16.8909,72.4648,62.7871,29.5696,56.7447,25.517,37.6018,24.224
2022-04-29,34.1505,16.6022,70.7714,64.1921,30.8041,56.0713,25.0468,36.7779,23.8361
2022-05-02,34.1604,16.6214,70.6931,64.4013,30.9336,56.0515,24.519,36.6885,23.7682
2022-05-03,34.6057,16.9005,71.7894,64.8896,31.3816,56.4971,24.8645,37.1848,24.0397
2022-05-04,35.6646,17.0641,73.3948,65.4177,31.521,57.4973,25.4978,38.0088,24.6022
2022-05-05,34.6255,16.4289,70.9868,62.6276,29.8683,55.9227,24.5574,36.7977,23.71
2022-05-06,34.3781,16.1498,70.4582,61.5116,28.9424,56.1406,24.2983,36.5495,23.3609
2022-05-09,33.5568,15.6975,68.7452,59.3692,27.887,54.5561,23.4538,35.1301,22.5851
2022-05-10,33.2599,15.9477,68.6081,60.0269,28.2056,54.6353,23.5498,34.9017,22.6045
2022-05-11,32.9531,15.9284,67.9523,59.698,28.2156,54.0411,23.8089,34.9315,22.5366
2022-05-12,32.7058,15.8899,67.5314,59.4688,28.2156,54.6452,24.0104,34.6238,22.1099
2022-05-13,33.1807,16.323,68.9116,61.7009,29.48,55.7742,24.6534,35.6363,22.9148
2022-05-16,32.9036,16.3712,68.7305,61.2525,29.4402,55.4771,25.0084,35.9738,23.0021
2022-05-17,33.7844,16.8524,70.4582,63.1956,30.3362,55.8831,25.6994,36.5694,23.39
2022-05-18,32.8542,16.4578,68.6179,61.3322,29.4899,55.3483,24.9988,35.6462,22.8081
2022-05-19,32.6364,16.6214,68.6277,62.3785,30.1669,55.8237,25.5554,36.0532,23.1088
2022-05-20,32.577,16.6407,68.7452,62.518,30.2864,56.5367,26.0352,35.944,23.3124
2022-05-23,33.6359,17.1315,70.7029,62.7372,30.2167,57.0814,26.7166,36.5694,23.613
2022-05-24,33.5666,17.324,70.6148,61.0931,29.0618,56.8635,26.6494,36.2021,23.5839
2022-05-25,33.8338,17.3144,70.9378,61.5714,29.4302,56.9823,26.7454,36.3808,23.6615
2022-05-26,34.6156,17.5742,72.3376,62.8169,30.5851,57.428,27.254,36.758,23.6906
2022-05-27,35.1995,17.7475,73.4241,64.0625,30.8041,57.7746,27.6571,37.3437,24.1949
2022-05-31,35.1005,17.5935,73.0619,65.3978,31.7201,57.0418,27.2828,37.5521,23.933
2022-06-01,34.5364,17.3047,72.2299,64.9195,31.3915,57.0715,27.0717,37.4727,24.0106
2022-06-02,35.0114,17.6031,73.1892,66.2946,32.2976,57.6558,27.3596,38.2966,24.5731
2022-06-03,34.5067,17.324,72.1614,64.8796,31.7301,56.4575,27.206,37.7407,24.224
2022-06-06,34.6057,17.5454,72.5725,65.7864,32.6062,56.7645,26.8989,37.8797,24.1852
2022-06-07,34.8729,17.5454,72.6704,66.2647,33.104,56.9427,26.7166,38.1974,24.127
2022-06-08,34.2593,17.17,71.3,67.59,34.01,56.2,26.16,37.84,23.71
2022-06-09,33.3984,16.77,69.67,65.35,32.72,55.8,25.54,37.02,23.01
2022-06-10,32.1911,16.08,67.4,64.67,32.74,54.79,24.85,36.23,22.38
2022-06-13,31.2313,15.63,65.47,62.0,31.31,53.26,23.8,35.0,21.41
2022-06-14,30.9641,15.57,65.08,63.22,32.28,52.9,23.64,34.58,21.24
2022-06-15,31.3104,16.17,66.36,63.99,32.92,53.49,24.12,34.89,21.67
2022-06-16,30.5188,15.76,64.69,61.87,31.65,52.64,23.2,33.69,21.18
2022-06-17,30.6078,15.76,64.68,62.34,32.23,52.06,23.11,33.31,20.81
2022-06-21,31.2186,16.16,66.2,63.37,33.03,52.6,23.14,34.23,21.31
2022-06-22,31.149,16.06,65.83,62.18,32.44,52.34,22.81,33.71,21.07
2022-06-23,31.0296,15.75,65.17,62.28,32.94,52.66,22.29,33.06,21.04
2022-06-24,32.1737,16.19,67.16,63.94,33.84,53.7,22.62,33.93,21.61
2022-06-27,32.0643,16.15,67.0,64.16,34.12,53.23,23.09,34.34,21.56
2022-06-28,31.7459,16.04,66.6,63.6,34.13,53.15,22.95,34.29,21.52
2022-06-29,31.5668,15.9,66.28,63.29,33.94,52.91,22.93,33.99,21.46
2022-06-30,31.2883,15.87,65.74,62.74,33.91,52.83,22.54,33.68,21.22
2022-07-01,31.7161,15.74,66.26,62.1,33.94,53.05,22.42,34.04,21.09
2022-07-05,31.6066,15.11,65.31,61.68,33.78,52.71,21.96,33.2,20.82
2022-07-06,31.527,15.01,64.98,61.14,33.35,52.7,21.77,33.02,20.97
2022-07-07,31.9847,15.32,66.12,62.83,34.07,53.45,22.43,33.76,21.41
2022-07-08,31.915,15.39,66.06,62.66,33.62,53.72,22.51,33.75,21.32
2022-07-11,31.6564,15.06,65.22,60.4,32.17,52.99,21.75,33.27,20.75
2022-07-12,31.4574,15.06,65.11,60.31,31.98,53.01,21.57,33.0,20.84
2022-07-13,31.1788,15.0,64.53,60.52,31.74,52.73,21.67,33.01,20.87
2022-07-14,30.5819,14.525,63.02,59.77,31.29,52.21,21.0,32.05,20.66
2022-07-15,31.6166,14.72,64.43,60.09,31.03,52.76,21.43,32.39,21.07
2022-07-18,31.4972,14.91,64.62,60.75,31.63,52.86,21.55,32.89,21.06
2022-07-19,32.4423,15.49,66.57,61.62,31.95,53.62,21.87,33.76,21.56
2022-07-20,32.5617,15.14,66.43,61.35,31.75,53.85,21.7,33.89,21.55
2022-07-21,32.7706,15.42,66.87,61.98,32.01,54.53,21.79,33.96,21.75
2022-07-22,32.5816,15.22,66.44,60.93,31.3,54.7,21.72,33.73,21.75
2022-07-25,32.7905,15.51,67.11,61.14,31.56,54.69,22.34,34.19,22.02
2022-07-26,32.3329,15.14,66.2,60.87,31.45,54.09,22.3,33.77,21.74
2022-07-27,32.8303,15.52,67.48,61.83,31.81,55.18,22.82,34.55,22.35
2022-07-28,33.0691,15.59,67.77,61.64,31.4,55.63,23.42,34.86,22.45
2022-07-29,33.5367,15.89,68.7,60.31,30.38,56.15,23.57,35.31,22.74
2022-08-01,33.2581,15.93,68.35,59.41,29.97,56.87,23.2,34.96,22.73
2022-08-02,32.89,15.64,67.46,59.37,29.76,55.79,22.95,34.76,22.44
2022-08-03,33.3874,15.98,68.43,60.13,30.01,55.67,22.98,34.97,22.55
2022-08-04,33.278,16.09,68.41,60.74,30.48,55.65,23.44,34.94,22.54
2022-08-05,33.5168,16.08,68.66,60.43,30.14,55.31,23.71,34.76,22.38
2022-08-08,33.4969,16.16,68.76,59.86,29.87,55.29,24.46,35.06,22.59
2022-08-09,33.666,16.21,68.82,59.29,29.68,54.74,24.54,34.82,22.41
2022-08-10,34.4221,16.55,70.41,59.85,29.53,56.31,25.11,35.69,23.02
2022-08-11,34.83,16.575,70.96,60.42,30.07,56.29,25.0,35.89,23.04
2022-08-12,35.3771,16.73,71.85,60.9,30.24,57.03,25.83,36.24,23.25
2022-08-15,35.3672,16.48,71.48,60.64,30.08,57.26,25.8,35.85,22.98
2022-08-16,35.6259,16.52,71.91,60.39,29.73,56.99,25.74,36.26,23.1
2022-08-17,35.4468,16.29,71.36,60.16,29.67,56.81,25.54,35.88,22.81
2022-08-18,35.4866,16.18,71.2172,59.67,29.35,56.61,25.37,35.98,22.91
2022-08-19,34.7802,15.82,69.92,58.94,29.18,55.63,24.82,35.53,22.6
2022-08-22,34.0142,15.45,68.56,58.46,29.4,55.06,24.74,35.16,22.37
2022-08-23,33.8749,15.46,68.44,58.66,29.35,55.19,25.52,35.44,22.42
2022-08-24,34.054,15.43,68.5,58.81,29.48,55.17,25.45,35.41,22.48
2022-08-25,34.5813,15.57,69.5,60.89,30.96,55.8,25.72,35.82,22.87
2022-08-26,33.5466,15.12,67.75,59.66,30.7,54.44,25.48,34.96,22.44
2022-08-29,33.3078,15.21,67.47,59.13,30.42,53.89,25.54,34.98,22.36
2022-08-30,33.1288,15.22,67.08,58.05,29.6,53.83,24.86,34.13,22.05
2022-08-31,32.8801,15.2,66.73,59.2,30.21,53.59,24.31,33.69,21.91
2022-09-01,32.9795,14.97,66.46,58.35,29.87,52.95,24.3,33.36,21.73
2022-09-02,32.7209,14.96,66.34,57.43,29.26,52.37,24.86,33.66,21.77
2022-09-06,32.6413,15.05,65.93,56.32,28.68,51.55,24.38,33.28,21.47
2022-09-07,33.2879,15.2,66.84,56.65,29.03,51.47,24.58,33.67,21.46
2022-09-08,33.8749,15.34,67.82,56.01,28.66,52.09,24.7,34.04,21.66
2022-09-09,34.1833,15.78,68.92,57.25,29.37,53.07,25.38,34.89,22.35
2022-09-12,34.4619,16.21,69.71,57.87,29.75,53.09,25.86,35.38,22.59
2022-09-13,33.1785,15.74,67.34,55.79,28.5,51.34,24.92,34.26,21.62
2022-09-14,33.079,15.81,67.3,55.84,28.53,52.08,24.91,34.44,21.58
2022-09-15,33.1885,15.91,67.56,55.27,28.42,51.67,24.6,33.98,21.41
2022-09-16,32.89,15.8,67.05,55.01,27.99,51.63,24.38,33.56,21.24
2022-09-19,33.26,15.85,67.595,55.15,28.09,51.8,25.16,33.97,21.44
2022-09-20,32.77,15.52,66.59,54.73,27.87,51.26,25.34,33.33,21.2
2022-09-21,32.09,15.26,65.44,53.76,27.13,50.67,25.11,32.76,20.77
2022-09-22,31.55,15.16,64.75,53.11,26.97,51.07,25.49,32.38,20.73
2022-09-23,31.05,14.5,63.15,51.89,26.61,50.04,24.39,31.3,19.95
2022-09-26,30.56,14.19,62.12,52.05,26.77,49.23,23.44,30.73,19.79
2022-09-27,30.43,14.0,61.61,51.56,26.53,48.82,23.42,30.72,19.62
2022-09-28,31.03,14.12,62.62,51.81,26.82,49.74,23.77,31.54,20.19
2022-09-29,30.64,13.89,61.74,50.4,25.95,49.26,23.51,31.08,20.0
2022-09-30,30.36,13.91,61.31,49.92,25.86,48.85,23.72,30.76,19.62
2022-10-03,31.18,14.19,62.81,50.49,25.97,49.73,25.56,31.92,20.18
2022-10-04,32.34,14.98,65.21,52.66,27.02,51.32,25.89,33.04,20.84
2022-10-05,32.09,14.68,64.68,52.8,27.22,50.78,25.81,32.54,20.78
2022-10-06,31.64,14.27,63.554,52.75,27.01,50.32,25.87,31.78,20.46
2022-10-07,30.89,14.08,62.41,51.33,26.37,49.81,25.55,31.17,20.14
2022-10-10,30.75,14.0,61.92,50.32,25.57,49.61,25.49,30.86,19.9
2022-10-11,30.36,13.7,61.03,49.08,24.87,49.1,25.14,30.44,19.62
2022-10-12,30.29,13.63,60.97,49.1,24.71,48.74,24.9,30.35,19.62
2022-10-13,31.54,14.24,63.12,49.26,24.5,49.17,25.09,31.21,20.09
2022-10-14,31.01,14.02,62.1,48.28,24.16,48.46,24.4,30.47,19.58
2022-10-17,31.79,14.51,63.7,49.6,24.9,48.95,24.88,31.29,19.97
2022-10-18,32.3,14.75,64.51,49.26,24.7,48.78,25.25,31.57,20.07
2022-10-19,31.77,14.56,63.63,47.79,23.66,48.48,25.38,31.33,19.94
2022-10-20,31.26,14.57,63.18,47.89,23.77,48.44,25.71,31.17,19.92
2022-10-21,32.19,14.91,64.78,48.3,23.92,49.29,26.67,31.96,20.4
2022-10-24,32.62,15.0,64.98,45.3,21.53,48.97,25.36,31.89,20.24
2022-10-25,33.01,15.26,65.9,45.76,21.94,50.09,25.34,32.43,20.64
2022-10-26,33.09,15.3,66.17,47.16,22.76,50.38,25.12,32.85,20.87
2022-10-27,33.36,15.27,66.25,46.56,22.16,49.75,25.48,32.99,20.76
2022-10-28,34.19,15.4,67.35,45.9,21.54,50.28,25.33,33.12,20.79
2022-10-31,33.98,15.23,66.97,45.82,20.95,49.99,25.9,33.03,20.72
2022-11-01,34.07,15.36,67.342,47.23,21.84,50.37,26.28,33.16,21.01
2022-11-02,33.64,15.08,66.51,46.83,21.94,50.04,25.64,32.55,20.63
2022-11-03,33.3,15.07,65.93,47.0,22.16,49.9,26.19,32.34,20.32
2022-11-04,33.91,15.79,67.81,49.45,23.84,50.87,27.0,33.35,21.33
2022-11-07,34.25,15.85,68.22,49.93,23.96,51.16,26.1,33.47,21.28
2022-11-08,34.45,16.03,68.75,50.55,23.94,51.9,26.42,33.81,21.49
2022-11-09,33.87,15.77,67.54,49.57,22.96,51.02,25.56,33.02,21.05
2022-11-10,35.58,16.54,70.78,52.14,24.36,53.87,24.77,34.69,22.33
2022-11-11,35.87,16.95,71.69,54.56,25.45,54.94,25.38,35.04,22.8
2022-11-14,35.36,16.81,71.01,54.14,25.59,54.19,25.53,34.57,22.52
2022-11-15,35.44,16.82,71.38,56.85,26.91,54.55,25.61,34.81,22.88
2022-11-16,35.27,16.89,71.15,55.88,26.31,54.36,24.9,34.66,22.72
2022-11-17,35.08,16.93,70.9,56.53,26.93,54.26,24.62,34.55,22.68
2022-11-18,35.37,17.03,71.23,55.75,26.09,54.24,24.58,34.54,22.76
2022-11-21,35.48,16.93,71.17,54.64,25.69,53.8,24.83,34.36,22.51
2022-11-22,35.84,17.12,72.05,54.53,25.44,54.95,24.75,35.05,22.86
2022-11-23,35.99,17.29,72.57,55.18,25.77,55.58,24.95,35.17,23.17
2022-11-25,36.11,17.44,72.92,54.32,25.33,55.96,24.84,35.33,23.27
2022-11-28,35.49,17.07,71.73,54.01,25.55,55.53,24.79,34.69,22.85
2022-11-29,35.7,17.32,72.38,55.78,26.85,55.19,25.32,34.58,23.07
2022-11-30,36.31,17.51,73.57,58.2,28.16,55.8,26.15,35.19,23.69
2022-12-01,36.1,17.59,73.43,57.97,27.74,56.18,25.92,35.41,23.73
2022-12-02,35.93,17.62,73.14,58.5391,28.53,55.93,25.96,35.2,23.64
2022-12-05,35.04,17.46,71.7,58.14,28.44,54.76,25.1,34.43,23.18
2022-12-06,34.73,17.45,71.16,58.05,28.8,54.59,25.37,33.89,23.06
2022-12-07,34.59,17.35,71.03,57.4,28.18,54.75,25.22,33.86,23.1
2022-12-08,34.62,17.39,71.16,58.7,29.1,55.09,25.01,34.09,23.2
2022-12-09,34.53,17.48,71.06,58.75,28.95,55.26,24.82,33.85,23.17
2022-12-12,34.99,17.52,71.62,58.4,28.61,55.25,24.45,34.01,23.22
2022-12-13,35.08,17.72,71.1,58.31,28.36,55.92,22.34,33.73,23.1
2022-12-14,34.64,17.61,70.45,58.3,28.54,55.87,22.12,33.56,23.04
2022-12-15,33.96,17.19,68.88,56.48,27.86,54.51,21.97,32.78,22.3
2022-12-16,33.7,17.13,68.45,56.59,27.94,54.55,21.86,32.42,22.21
2022-12-19,33.4,17.12,68.53,56.67,27.78,54.2,22.22,32.15,22.19
2022-12-20,33.54,17.29,69.05,56.47,27.36,54.97,22.81,32.44,22.05
2022-12-21,34.06,17.6,70.23,57.2,28.13,54.89,23.03,32.89,22.4
2022-12-22,33.76,17.51,69.61,56.77,27.96,54.73,23.03,32.44,22.03
2022-12-23,33.95,17.58,70.01,56.69,27.8,54.77,23.55,32.85,22.32
2022-12-27,33.94,17.61,70.18,57.9,29.12,54.52,23.05,33.03,22.41
2022-12-28,33.82,17.52,69.75,56.42,28.16,53.87,23.19,32.4,22.11
2022-12-29,34.29,17.7,70.59,57.86,29.01,54.87,23.09,32.98,22.35
2022-12-30,34.2,17.53,70.28,56.74,28.3,54.44,22.89,32.73,22.23
2023-01-03,34.32,17.8,70.61,57.82,29.32,54.7,21.87,32.54,21.97
2023-01-04,34.87,18.35,72.16,60.99,31.19,54.16,22.21,33.22,22.55
2023-01-05,34.61,18.23,71.5,60.68,31.12,53.43,22.82,32.9,22.23
2023-01-06,35.38,18.63,73.04,61.73,31.2,54.77,23.59,33.74,23.02
2023-01-09,35.25,18.72,73.21,62.48,31.2,54.89,23.68,33.95,23.01
2023-01-10,35.45,18.84,73.52,63.24,31.59,54.76,24.07,33.89,23.04
2023-01-11,35.78,18.91,73.87,63.69,31.91,55.2,24.61,34.25,23.36
2023-01-12,35.85,19.21,74.7012,63.59,31.64,56.53,24.93,34.7,23.83
2023-01-13,36.12,19.31,75.3,64.31,32.09,56.77,24.85,34.81,24.01
2023-01-17,35.88,19.29,74.96,63.63,31.39,57.31,24.86,34.95,24.13
2023-01-18,35.21,19.25,74.01,63.26,31.08,57.23,24.67,34.56,23.86
2023-01-19,34.8,19.18,73.56,64.1,31.7,57.2,24.78,34.62,24.06
2023-01-20,35.35,19.41,74.4917,65.45,32.49,57.85,24.83,35.1,24.38
2023-01-23,35.76,19.46,74.96,66.2,32.85,57.69,24.92,35.33,24.55
2023-01-24,35.78,19.52,75.12,66.22,32.79,58.08,25.24,35.33,24.62
2023-01-25,36.06,19.67,75.6,66.3112,32.86,58.78,25.67,35.23,24.86
2023-01-26,36.25,19.88,76.16,67.35,33.29,58.66,25.75,35.62,25.02
2023-01-27,36.25,19.8,76.26,67.33,33.23,58.82,25.27,35.67,24.94
2023-01-30,36.07,19.67,75.66,65.56,32.0,58.47,25.1,35.2,24.69
2023-01-31,36.56,19.86,76.32,64.85,31.8,58.67,25.48,35.83,24.86
2023-02-01,36.56,20.19,76.73,66.36,32.51,58.87,25.43,35.83,25.12
2023-02-02,36.66,20.04,76.63,65.87,31.87,58.73,24.97,35.73,24.94
2023-02-03,36.59,19.76,76.2,64.52,31.09,58.06,24.38,35.52,24.53
2023-02-06,36.58,19.54,75.67,63.35,30.62,57.53,24.21,35.13,24.3
2023-02-07,37.0,19.78,76.44,63.92,30.88,58.37,24.02,35.52,24.54
2023-02-08,36.78,19.78,76.4,63.59,30.45,57.73,24.28,35.29,24.35
2023-02-09,36.37,19.88,75.98,64.59,31.02,57.79,23.93,35.08,24.28
2023-02-10,36.49,19.66,75.84,63.3,30.14,58.12,24.03,35.49,24.17
2023-02-13,36.91,19.89,76.74,64.02,30.64,58.09,24.4,35.73,24.47
2023-02-14,36.71,20.01,76.55,63.7,30.36,57.8,24.3,35.67,24.43
2023-02-15,36.75,19.88,76.06,62.38,30.12,57.23,24.48,35.57,23.94
2023-02-16,36.38,19.94,75.64,62.58,30.14,57.04,24.67,35.17,23.84
2023-02-17,36.39,19.96,75.68,61.69,29.53,57.02,24.62,34.99,23.69
2023-02-21,35.64,19.82,74.65,60.31,29.19,56.32,24.28,34.36,23.46
2023-02-22,35.6,19.56,74.14,59.86,28.94,55.9,24.25,34.2,23.35
2023-02-23,35.63,19.71,74.46,59.95,28.78,56.46,24.48,34.23,23.36
2023-02-24,35.66,19.49,73.98,58.35,27.91,55.62,23.87,34.1,22.92
2023-02-27,35.65,19.88,74.49,58.92,28.28,56.15,23.93,34.28,23.01
2023-02-28,35.72,19.96,74.5407,58.35,27.96,55.94,23.77,34.05,22.88
2023-03-01,35.6,20.01,74.4,60.21,29.12,56.03,24.21,34.24,23.09
2023-03-02,35.43,19.83,73.94,60.58,29.65,56.09,23.87,34.38,23.1
2023-03-03,35.99,20.13,75.12,60.83,29.61,57.38,24.25,34.84,23.48
2023-03-06,36.02,20.21,75.22,60.57,29.28,57.38,24.34,34.66,23.25
2023-03-07,35.09,19.72,73.63,59.4,28.75,56.87,23.89,33.9,22.74
2023-03-08,34.96,19.82,73.47,59.26,28.44,57.57,24.48,33.91,22.92
2023-03-09,33.54,19.44,71.5,57.5,27.39,57.47,24.09,33.38,22.65
2023-03-10,32.93,18.98,69.86,57.23,27.37,56.78,23.51,32.87,22.25
2023-03-13,31.63,18.41,67.77,57.96,27.54,56.24,23.05,32.74,22.11
2023-03-14,32.27,18.75,68.84,58.24,27.72,56.08,23.19,33.05,22.42
2023-03-15,31.41,17.68,66.51,56.92,27.33,54.94,22.61,32.32,21.84
2023-03-16,32.01,17.96,67.57,57.9,27.68,56.06,23.05,32.7,22.1
2023-03-17,30.98,17.38,65.75,57.67,27.61,55.71,22.63,32.36,21.97
2023-03-20,31.17,17.76,66.695,57.77,27.59,56.52,22.6,32.81,22.18
2023-03-21,31.96,18.5,68.28,58.52,27.98,56.87,22.89,32.93,22.26
2023-03-22,31.22,18.24,67.35,59.24,28.07,56.71,22.76,32.72,22.14
2023-03-23,31.01,17.9,66.688,60.63,28.95,56.96,22.34,32.57,22.04
2023-03-24,30.99,17.83,66.45,60.57,28.83,57.13,22.52,32.62,22.02
2023-03-27,31.42,18.03,67.16,59.645,28.24,57.38,22.87,32.99,22.14
2023-03-28,31.41,18.04,67.32,61.35,29.4,57.49,23.25,33.19,22.35
2023-03-29,31.87,18.44,68.3235,61.44,29.41,57.71,23.63,33.6,22.56
2023-03-30,31.8,18.65,68.5475,62.12,29.91,57.98,24.0,33.88,22.85
2023-03-31,32.15,18.7,69.0073,61.89,29.53,58.69,23.87,34.18,22.94
2023-04-03,32.21,18.83,69.49,61.65,29.4,58.96,23.78,34.8,23.33
2023-04-04,31.91,18.89,69.0333,61.52,29.27,58.94,23.68,34.72,23.15
2023-04-05,31.87,18.82,68.85,60.99,28.93,58.06,23.5,34.51,23.09
2023-04-06,31.99,19.19,69.2527,61.23,29.29,57.81,23.45,34.5,23.09
2023-04-10,32.06,19.15,69.41,61.52,29.19,57.69,23.69,34.57,23.05
2023-04-11,32.34,19.25,69.92,61.3,29.21,57.88,24.64,34.89,23.25
2023-04-12,32.27,19.41,70.03,60.01,28.41,58.07,24.92,35.03,23.38
2023-04-13,32.56,19.64,70.6702,61.34,29.07,58.88,25.06,35.49,23.69
2023-04-14,32.88,19.79,71.1872,60.57,28.71,58.44,25.08,35.45,23.46
2023-04-17,33.26,19.47,71.55,61.06,29.49,58.61,25.06,35.51,23.45
2023-04-18,33.36,19.72,71.941,60.85,29.37,58.96,25.02,35.6,23.55
2023-04-19,33.44,19.84,72.16,60.0403,29.01,58.49,24.3,35.42,23.48
2023-04-20,33.34,19.76,71.92,59.83,28.82,58.68,24.43,35.26,23.5
2023-04-21,33.22,19.79,71.64,59.07,28.4,59.01,24.11,35.22,23.25
2023-04-24,33.14,19.92,71.53,58.56,28.11,58.98,24.31,35.23,23.33
2023-04-25,32.57,19.34,70.2421,57.005,27.35,58.57,24.03,34.54,22.91
2023-04-26,32.26,19.56,69.98,57.69,27.8,58.36,23.88,34.44,22.84
2023-04-27,32.78,19.84,71.05,58.54,28.19,59.31,24.3,34.85,23.12
2023-04-28,33.17,19.77,71.55,58.71,28.33,58.84,24.59,35.2,23.14
2023-05-01,33.08,19.76,71.4164,58.59,28.22,58.77,24.47,35.14,23.07
2023-05-02,32.33,19.42,69.87,57.69,27.69,58.28,24.01,34.58,22.85
2023-05-03,31.96,19.41,69.49,57.59,27.56,58.63,24.12,34.44,22.68
2023-05-04,31.55,19.26,68.76,58.23,28.3,58.74,24.13,34.5,22.66
2023-05-05,32.33,19.68,70.3802,59.07,28.67,59.53,24.88,35.45,23.3
2023-05-08,32.38,19.66,70.6565,59.09,28.89,59.4,24.93,35.54,23.31
2023-05-09,32.26,19.55,70.2866,58.24,28.44,60.04,25.22,35.51,23.17
2023-05-10,32.08,19.47,70.01,58.22,28.24,59.74,25.42,35.36,23.24
2023-05-11,32.03,19.37,69.78,58.22,28.54,59.91,25.36,34.94,22.98
2023-05-12,31.9,19.3,69.38,57.21,27.79,60.2,25.49,34.8,22.89
2023-05-15,32.16,19.5,70.25,58.96,29.04,60.56,25.88,35.24,23.15
2023-05-16,31.86,19.25,69.38,58.72,28.74,60.44,25.49,34.67,22.73
2023-05-17,32.5,19.4,70.34,59.12,28.44,60.85,25.69,34.84,22.92
2023-05-18,32.74,19.43,70.57,58.87,28.05,60.86,25.6,34.72,22.82
2023-05-19,32.6,19.6,70.68,59.08,27.9,60.96,25.43,34.78,23.0
2023-05-22,32.66,19.67,70.85,59.68,28.35,61.23,25.21,34.83,23.0
2023-05-23,32.28,19.48,70.1,58.38,27.49,60.35,25.13,34.43,22.72
2023-05-24,31.86,19.08,69.0,57.88,26.94,59.71,25.19,33.81,22.28
2023-05-25,31.85,19.07,68.85,57.94,26.39,60.05,25.12,33.49,22.06
2023-05-26,32.11,19.26,69.38,59.33,26.83,60.25,25.5,33.78,22.42
2023-05-30,32.1,19.12,69.15,58.39,26.04,59.86,24.92,33.52,22.25
2023-05-31,31.76,18.79,68.48,57.87,25.97,59.34,24.64,33.26,21.87
2023-06-01,32.1,19.12,69.33,59.01,26.63,60.83,25.25,33.73,22.37
2023-06-02,32.8,19.44,70.63,60.35,27.43,62.0,25.84,34.44,22.71
2023-06-05,32.63,19.26,70.23,60.09,27.39,61.78,26.05,34.22,22.55
2023-06-06,33.04,19.42,71.08,60.81,27.99,63.04,26.56,34.53,22.7
2023-06-07,33.17,18.66,69.9,59.96,27.5,61.0,26.26,34.15,22.05
2023-06-08,33.14,18.86,70.1,60.67,27.79,61.52,26.42,34.14,22.38
2023-06-09,33.15,18.71,70.14,60.84,27.82,62.22,26.78,34.1,22.36
2023-06-12,33.14,18.71,70.09,61.3,27.75,62.61,26.75,34.12,22.45
2023-06-13,33.34,18.81,70.49,62.19,28.07,63.51,26.79,34.37,22.73
2023-06-14,33.21,18.97,70.61,62.62,28.45,63.8,27.39,34.4,22.81
2023-06-15,33.65,19.15,71.33,63.02,29.08,63.71,27.52,34.77,23.23
2023-06-16,33.58,19.12,71.33,62.72,28.91,63.1,27.4,34.73,23.33
2023-06-20,33.18,18.99,70.76,60.87,27.67,62.23,27.44,34.26,23.29
2023-06-21,33.14,18.98,70.67,60.37,27.5,62.97,27.73,34.35,23.21
2023-06-22,32.88,18.76,70.08,60.47,27.44,62.45,27.42,34.19,22.72
2023-06-23,32.74,18.51,69.4,59.38,26.87,60.91,27.15,33.81,22.16
2023-06-26,32.67,18.59,69.47,59.62,27.01,60.91,27.21,34.23,22.18
2023-06-27,32.93,18.88,70.11,60.54,27.6,61.14,27.21,34.46,22.36
2023-06-28,32.85,18.83,70.01,59.97,27.37,61.82,26.83,34.37,22.22
2023-06-29,33.42,18.91,70.88,59.42,26.94,61.51,27.11,34.59,22.34
2023-06-30,33.71,19.18,71.54,59.59,27.19,61.9,27.17,34.99,22.55
2023-07-03,33.9,19.28,72.01,60.57,27.71,62.09,27.52,35.2,22.67
2023-07-05,33.83,18.85,71.495,59.88,27.39,61.58,27.28,34.8,22.48
2023-07-06,33.54,18.56,70.45,58.28,26.6,60.77,26.5,34.08,21.92
2023-07-07,33.59,18.76,70.87,59.3,27.18,61.64,27.01,34.33,22.1
2023-07-10,33.74,18.8,71.01,59.12,27.16,61.55,26.86,34.28,21.99
2023-07-11,34.14,19.05,71.83,59.91,27.34,61.82,26.95,34.45,22.3
2023-07-12,34.36,19.5,72.71,61.63,28.16,62.25,27.18,34.94,22.83
2023-07-13,34.48,19.86,73.34,62.69,28.8,63.18,27.6,35.53,23.43
2023-07-14,34.25,19.7,72.85,62.13,28.29,62.42,27.33,35.24,23.3
2023-07-17,34.58,19.83,73.39,62.12,28.15,62.45,27.37,35.29,23.2
2023-07-18,34.97,19.99,74.08,61.07,27.52,63.31,27.35,35.58,23.29
2023-07-19,35.12,20.0,74.36,61.05,27.7,63.32,27.42,35.81,23.19
2023-07-20,35.38,20.03,74.67,60.24,27.6,62.48,27.37,35.68,23.22
2023-07-21,35.26,20.05,74.44,60.095,27.62,62.41,27.73,35.8,23.14
2023-07-24,35.6,20.04,74.85,61.1,28.21,62.5,28.11,36.01,23.18
2023-07-25,35.37,20.08,74.57,61.48,28.56,62.58,28.32,35.9,23.4
2023-07-26,35.58,20.19,75.09,61.94,28.97,62.83,28.51,35.88,23.47
2023-07-27,35.13,19.92,74.33,61.41,28.5,63.34,27.91,35.55,23.25
2023-07-28,35.2,20.15,74.8856,63.25,30.08,63.7,28.18,35.78,23.13
2023-07-31,35.33,20.08,74.9981,63.33,30.42,63.42,28.47,36.08,23.36
2023-08-01,35.33,19.86,74.6436,62.49,29.68,62.67,27.89,35.62,22.9
2023-08-02,35.03,19.42,73.5163,60.8,28.77,61.49,27.49,34.91,22.34
2023-08-03,35.05,19.49,73.55,61.34,29.55,61.19,27.09,34.73,22.34
2023-08-04,34.91,19.59,73.55,60.65,29.13,61.78,27.13,34.82,22.47
2023-08-07,35.4,19.85,74.28,60.73,29.02,62.3,27.07,34.95,22.56
2023-08-08,35.08,19.54,73.4588,59.53,28.48,61.75,26.96,34.73,22.41
2023-08-09,34.82,19.59,73.1807,59.98,28.6,61.21,26.91,34.81,22.45
2023-08-10,34.85,19.8,73.4484,60.06,28.83,61.47,26.95,34.88,22.44
2023-08-11,34.92,19.67,73.3,58.73,27.92,61.37,26.6,34.96,22.25
2023-08-14,34.85,19.64,73.0329,58.54,27.66,60.82,26.29,34.75,22.14
2023-08-15,34.21,19.33,71.8658,57.59,27.21,60.17,26.08,34.0,21.87
2023-08-16,34.16,19.22,71.4853,56.68,26.65,59.42,26.03,33.89,21.63
2023-08-17,33.99,19.0,70.95,57.01,26.85,59.17,25.82,33.73,21.44
2023-08-18,33.98,18.96,70.88,56.37,26.19,59.32,25.93,33.73,21.46
2023-08-21,33.94,19.02,70.84,56.38,26.15,59.37,25.83,33.68,21.51
2023-08-22,33.62,18.9,70.28,56.13,26.14,59.66,26.26,33.48,21.4
2023-08-23,33.95,19.03,71.0522,57.33,26.7,60.45,26.97,33.85,21.75
2023-08-24,33.83,18.83,70.7637,57.37,26.82,59.66,26.58,33.6,21.36
2023-08-25,33.99,18.91,70.9077,57.22,26.77,59.97,26.45,33.61,21.52
2023-08-28,34.18,19.15,71.5616,58.06,27.41,60.68,26.69,33.92,21.71
2023-08-29,34.49,19.43,72.38,59.0,27.95,61.1,27.04,34.48,22.12
2023-08-30,34.51,19.42,72.4522,58.64,27.76,60.99,26.9,34.65,22.25
2023-08-31,34.38,19.23,72.1112,58.04,27.4,61.64,26.11,34.69,22.21
2023-09-01,34.69,19.2,72.51,58.97,28.04,62.04,26.47,34.93,22.25
2023-09-05,34.34,18.95,71.71,58.6,27.63,62.07,26.0,34.6,22.05
2023-09-06,34.32,18.79,71.5571,58.21,27.71,62.23,25.79,34.28,21.86
2023-09-07,34.23,18.68,71.29,57.12,26.92,62.23,25.33,34.01,21.75
2023-09-08,34.3,18.72,71.3418,57.12,26.88,61.61,25.51,34.01,21.7
2023-09-11,34.46,19.0,72.0295,57.58,27.24,62.32,26.09,34.37,22.05
2023-09-12,34.69,19.04,72.5075,57.65,27.3,62.31,26.06,34.48,22.0
2023-09-13,34.69,19.07,72.54,57.54,27.07,62.28,26.26,34.6,21.9
2023-09-14,35.01,19.36,73.45,57.92,27.3,63.34,26.64,35.24,22.33
2023-09-15,34.83,19.33,73.1,57.64,27.18,62.99,26.49,35.27,22.24
2023-09-18,34.77,19.15,73.05,57.47,27.05,63.14,26.53,35.17,22.17
2023-09-19,34.73,19.3,73.2102,57.0,26.98,63.45,26.51,34.85,22.16
2023-09-20,34.49,19.3,72.89,56.51,26.79,62.6,26.62,34.76,22.05
2023-09-21,33.92,19.17,71.78,55.18,26.21,61.63,25.84,34.01,21.35
2023-09-22,33.66,19.07,71.49,56.27,27.14,61.8,25.81,33.95,21.64
2023-09-25,33.74,18.97,71.3839,55.9,26.72,61.72,25.56,34.1,21.62
2023-09-26,33.29,18.84,70.52,54.81,26.35,60.77,25.13,33.56,21.34
2023-09-27,33.24,18.71,70.42,55.07,26.41,61.03,25.04,33.39,21.25
2023-09-28,33.48,18.96,71.0446,55.19,26.26,61.15,25.38,33.73,21.63
2023-09-29,33.17,18.91,70.4447,55.45,26.53,60.29,25.56,33.46,21.51
2023-10-02,32.89,18.54,69.64,55.13,26.37,59.77,25.09,32.69,21.07
2023-10-03,32.37,18.37,68.53,54.43,25.75,58.73,24.31,32.3,20.79
2023-10-04,32.61,18.43,69.004,54.49,25.53,58.09,24.37,32.21,20.9
2023-10-05,32.76,18.59,69.3879,54.82,25.69,59.23,24.15,32.48,21.09
2023-10-06,33.04,18.94,70.3259,55.86,26.23,59.38,24.41,32.77,21.42
2023-10-09,33.06,18.79,70.1666,55.71,26.22,59.55,24.52,33.14,21.46
2023-10-10,33.3,19.1,70.9644,56.49,26.89,60.33,25.18,33.41,21.73
2023-10-11,33.35,19.27,71.16,57.05,27.15,60.18,25.34,33.66,21.73
2023-10-12,33.14,19.04,70.51,56.4,26.68,60.33,24.94,33.21,21.22
2023-10-13,33.21,18.74,70.16,56.1,26.48,59.58,24.95,33.18,21.16
2023-10-16,33.56,19.02,71.0925,56.43,26.65,59.77,25.38,33.6,21.49
2023-10-17,33.72,19.02,71.2333,56.38,26.45,59.89,25.32,33.62,21.58
2023-10-18,33.14,18.72,70.09,55.38,26.01,58.95,24.85,33.0,21.23
2023-10-19,32.7,18.54,69.33,55.04,25.56,58.52,24.87,32.87,20.99
2023-10-20,32.2,18.28,68.3605,54.35,25.03,58.13,24.65,32.48,20.63
2023-10-23,32.0,18.29,68.113,54.55,25.25,57.99,24.49,32.41,20.67
2023-10-24,32.22,18.23,68.29,55.42,26.06,58.36,24.76,32.19,20.92
2023-10-25,32.1,18.09,67.9997,54.23,25.53,58.13,24.61,31.99,20.65
2023-10-26,32.03,18.04,67.9033,53.93,25.58,57.34,25.04,31.82,20.61
2023-10-27,31.45,17.89,66.9,53.82,25.67,57.82,24.86,31.48,20.55
2023-10-30,32.01,18.17,68.0129,54.56,25.94,58.25,24.77,31.82,20.8
2023-10-31,32.36,18.18,68.425,53.95,25.52,58.96,24.8,31.74,20.74
2023-11-01,32.57,18.33,68.9,54.48,25.48,59.97,25.47,32.07,21.12
2023-11-02,33.34,18.59,70.6649,55.59,25.75,60.95,26.19,33.33,21.55
2023-11-03,33.78,18.81,71.6689,57.02,26.35,62.0,26.56,33.8,21.81
2023-11-06,33.68,18.74,71.45,57.6,26.43,61.2,26.53,33.63,21.72
2023-11-07,33.63,18.66,71.0297,57.4,26.31,60.64,26.56,33.2,21.47
2023-11-08,33.67,18.78,70.9892,56.81,26.12,59.64,26.29,33.09,21.52
2023-11-09,33.53,18.73,70.7264,56.35,25.76,59.89,26.13,33.18,21.4
2023-11-10,33.91,18.86,71.4066,56.8,25.68,60.47,26.58,33.29,21.38
2023-11-13,33.86,18.99,71.44,56.95,26.02,60.44,26.47,33.46,21.49
2023-11-14,34.5,19.47,73.0887,58.42,26.58,61.64,27.49,34.2,22.19
2023-11-15,34.69,19.54,73.2873,59.25,27.21,61.18,27.57,34.29,22.19
2023-11-16,34.83,19.52,73.2865,58.21,26.1,61.39,27.48,34.09,21.98
2023-11-17,35.01,19.87,73.9616,58.26,26.12,62.35,27.58,34.47,22.21
2023-11-20,35.15,19.93,74.3569,59.22,26.69,62.36,28.02,34.53,22.36
2023-11-21,35.13,19.83,74.0595,58.57,26.16,62.1,27.74,34.4,22.33
2023-11-22,35.27,19.82,74.2532,58.5778,26.29,62.49,27.75,34.42,22.25
2023-11-24,35.38,20.1,74.6859,58.3,26.36,62.61,27.73,34.63,22.45
2023-11-27,35.26,20.03,74.5502,58.05,26.02,62.56,27.56,34.44,22.26
2023-11-28,35.25,20.09,74.4734,58.14,25.71,62.55,27.88,34.56,22.51
2023-11-29,35.5,20.19,74.6,57.65,25.06,62.49,27.69,34.66,22.4
2023-11-30,35.9,20.2,75.2241,57.4,25.16,62.61,27.99,34.98,22.45
2023-12-01,36.17,20.42,76.0523,57.45,24.89,63.21,28.39,35.49,22.93
2023-12-04,36.13,20.32,75.8166,56.3,24.31,62.25,27.78,35.31,22.55
2023-12-05,35.95,20.28,75.37,55.59,23.94,62.02,27.88,35.13,22.34
2023-12-06,35.77,20.37,75.1451,55.55,23.95,62.67,27.77,34.94,22.54
2023-12-07,35.94,20.5,75.47,55.96,24.03,63.15,27.84,34.92,22.74
2023-12-08,36.13,20.62,76.01,55.77,23.7,62.78,28.07,35.06,22.82
2023-12-11,36.35,20.66,76.38,56.06,23.79,63.14,27.95,35.13,22.81
2023-12-12,36.61,20.73,76.69,56.2,23.95,63.05,27.82,34.92,22.87
2023-12-13,37.2,20.95,78.05,56.76,23.87,64.01,28.61,35.79,23.62
2023-12-14,37.57,21.03,78.68,57.48,24.18,63.72,29.22,36.28,23.99
2023-12-15,37.35,20.75,77.8378,57.16,24.13,63.17,29.0,35.95,23.83
2023-12-18,37.29,20.82,78.27,57.05,23.88,63.05,29.42,36.1,24.0
2023-12-19,37.57,21.05,78.9,57.53,24.2,63.24,29.69,36.61,24.52
2023-12-20,36.9,20.51,76.62,55.71,22.91,62.05,28.26,35.66,23.7
2023-12-21,37.26,20.77,77.5367,56.87,23.71,63.13,28.74,36.16,24.18
2023-12-22,37.34,20.88,77.8751,56.2,23.05,63.33,28.89,36.43,24.24
2023-12-26,37.49,21.01,78.37,56.79,23.22,63.31,29.26,36.83,24.44
2023-12-27,37.61,21.13,78.73,57.19,23.25,63.66,29.33,36.87,24.56
2023-12-28,37.72,20.94,78.7456,58.0,23.88,64.04,29.18,36.7,24.49
2023-12-29,37.6,20.96,78.5788,57.97,24.03,64.14,29.06,36.68,24.34
2024-01-02,37.76,20.81,78.4004,56.82,23.24,63.56,28.66,36.3,24.15
2024-01-03,37.44,20.55,77.85,56.71,23.67,63.21,28.53,36.18,23.9
2024-01-04,37.59,20.75,77.993,56.1,23.36,63.06,28.32,36.24,23.82
2024-01-05,37.75,20.84,78.4527,55.92,23.23,63.53,28.69,36.37,23.8
2024-01-08,37.99,21.08,78.97,56.21,22.94,64.46,28.74,36.65,23.97
2024-01-09,37.75,20.76,78.19,55.02,22.48,64.07,28.23,36.35,23.72
2024-01-10,37.81,20.8,78.2734,54.71,22.49,65.22,28.21,36.43,23.68
2024-01-11,37.67,20.6,77.9713,55.05,22.83,65.8,28.38,36.26,23.66
2024-01-12,37.6,20.61,77.9487,55.11,22.73,66.43,28.5,36.31,23.71
2024-01-16,37.34,20.2,76.98,53.35,22.02,65.94,27.86,35.97,23.1
2024-01-17,37.27,20.08,76.62,52.42,21.45,65.12,27.62,35.5,22.85
2024-01-18,37.33,20.25,77.0228,53.55,21.53,65.73,27.61,35.67,23.06
2024-01-19,37.93,20.36,77.9845,54.39,21.68,65.9,27.75,36.09,23.28
2024-01-22,38.11,20.46,78.11,53.72,21.14,66.68,27.27,36.0,23.28
2024-01-23,38.17,20.38,78.343,55.03,22.11,66.09,27.64,36.19,23.48
2024-01-24,38.32,20.56,78.9233,55.68,22.77,66.17,27.66,36.09,23.5
2024-01-25,38.51,20.55,79.14,55.76,22.75,65.92,27.94,36.36,23.64
2024-01-26,38.65,20.68,79.4503,55.84,22.6,65.39,28.19,36.47,23.69
2024-01-29,38.75,20.63,79.627,55.66,22.29,66.17,28.06,36.7,23.86
2024-01-30,39.24,20.76,80.0815,54.96,21.93,65.93,27.96,36.81,23.8
2024-01-31,38.76,20.59,79.5613,54.3,21.76,66.21,27.83,36.35,23.62
2024-02-01,38.82,20.57,79.5145,54.82,21.86,66.92,28.34,36.6,23.74
2024-02-02,38.98,20.49,79.8107,54.73,21.41,66.51,28.06,36.39,23.6
2024-02-05,38.75,20.36,79.2328,55.22,21.88,66.19,27.92,35.82,23.36
2024-02-06,38.83,20.4,79.55,56.75,23.13,66.18,28.58,36.11,23.63
2024-02-07,39.12,20.31,79.861,56.76,22.62,66.56,28.5,36.21,23.55
2024-02-08,38.97,20.28,79.4478,56.56,22.1,66.39,27.98,36.2,23.52
2024-02-09,39.08,20.3,79.88,57.03,22.36,66.63,28.06,36.34,23.65
2024-02-12,39.26,20.42,80.02,57.7,22.72,66.97,28.25,36.45,23.63
2024-02-13,38.73,20.12,79.22,56.34,22.2,66.74,27.65,35.29,22.98
2024-02-14,39.1,20.36,79.8219,57.37,22.67,67.0,27.98,35.92,23.37
2024-02-15,39.77,20.57,81.0887,57.38,22.76,67.64,28.22,36.7,23.75
2024-02-16,39.63,20.64,81.08,57.34,23.07,67.63,28.37,36.68,23.73
2024-02-20,39.52,20.88,81.2189,57.1,22.92,67.93,28.57,36.54,23.75
2024-02-21,39.64,20.74,81.2571,57.56,23.59,67.79,28.55,36.49,23.63
2024-02-22,40.1,20.99,82.1803,58.36,23.95,68.9,28.46,36.84,23.86
2024-02-23,40.3,21.05,82.4628,58.43,24.12,69.01,28.16,36.99,23.91
2024-02-26,40.1,21.04,82.1905,58.17,23.91,69.0,28.22,36.85,23.83
2024-02-27,40.21,21.09,82.4088,58.18,24.32,69.18,28.72,36.76,23.99
2024-02-28,40.36,21.08,82.3397,57.23,23.46,68.67,28.19,36.54,23.71
2024-02-29,40.34,21.2,82.5458,57.22,23.42,69.12,28.09,36.77,23.92
2024-03-01,40.29,21.31,82.8271,57.96,23.92,70.33,28.28,37.11,24.19
2024-03-04,40.39,21.3,82.8838,58.41,23.39,69.92,28.13,37.02,24.02
2024-03-05,40.4,21.35,82.73,57.55,23.03,70.3,27.98,36.98,23.95
2024-03-06,40.61,21.6,83.5482,58.89,23.53,71.37,28.25,37.27,24.37
2024-03-07,40.55,21.84,83.9365,59.6,23.33,71.34,28.28,37.79,24.76
2024-03-08,40.62,21.87,84.1179,59.65,23.47,71.18,27.69,37.61,24.77
2024-03-11,40.69,21.95,83.99,59.7,24.04,69.6,27.72,37.72,24.41
2024-03-12,40.86,22.24,84.6043,61.19,24.56,69.98,27.89,37.82,24.41
2024-03-13,41.16,22.3,85.0051,61.1,24.64,69.37,28.18,38.15,24.59
2024-03-14,40.83,22.05,84.1621,60.37,24.14,69.06,28.09,37.77,24.12
2024-03-15,40.79,22.28,84.3186,59.62,23.99,69.57,27.93,37.73,24.03
2024-03-18,40.87,22.15,84.392,59.76,24.03,70.65,27.92,37.72,24.08
2024-03-19,41.07,22.29,84.85,59.57,23.91,70.92,27.73,37.72,24.12
2024-03-20,41.56,22.53,85.63,60.47,24.13,71.47,28.48,38.26,24.42
2024-03-21,41.9,22.57,86.2803,60.83,24.02,71.83,28.3,38.2,24.42
2024-03-22,41.42,22.52,85.4,60.41,23.68,71.82,28.06,37.81,24.26
2024-03-25,41.26,22.57,85.2501,60.48,23.71,70.99,28.09,37.8,24.36
2024-03-26,41.4,22.66,85.6009,60.57,23.84,71.3,28.18,37.72,24.28
2024-03-27,41.89,22.78,86.3426,60.65,23.81,71.61,28.34,38.07,24.66
2024-03-28,42.12,22.74,86.6432,60.71,24.07,71.35,28.44,38.28,24.66
2024-04-01,41.89,22.68,86.094,61.38,24.4,70.28,28.08,38.22,24.58
2024-04-02,41.67,22.64,85.61,61.76,24.6,69.92,28.28,38.04,24.52
2024-04-03,41.65,22.88,85.9375,61.62,24.45,70.4,28.31,38.2,24.57
2024-04-04,41.18,22.72,85.351,61.26,24.32,69.67,28.23,38.03,24.43
2024-04-05,41.57,22.76,85.8083,61.36,24.19,69.87,28.27,38.29,24.56
2024-04-08,41.75,22.92,86.2047,61.55,24.36,70.22,28.72,38.34,24.7
2024-04-09,41.51,22.68,85.73,62.32,24.59,70.48,28.88,38.52,24.85
2024-04-10,40.89,22.47,84.35,61.24,24.47,69.38,28.26,37.96,24.29
2024-04-11,40.6,22.26,84.14,62.16,24.7,69.99,28.21,37.76,24.35
2024-04-12,40.06,21.89,82.66,60.14,23.84,69.06,27.65,37.15,23.9
2024-04-15,39.86,21.92,82.3,59.56,23.92,68.77,27.24,36.88,23.73
2024-04-16,39.59,21.59,81.6458,58.7,23.67,67.81,26.7,36.62,23.24
2024-04-17,39.69,21.81,81.941,58.61,23.65,67.09,26.81,36.77,23.5
2024-04-18,39.83,21.87,82.2469,58.91,24.08,66.89,26.75,36.85,23.3
2024-04-19,40.38,21.96,82.86,58.11,24.01,66.49,27.07,37.11,23.36
2024-04-22,40.87,22.27,84.0467,59.07,24.42,67.17,27.3,37.36,23.65
2024-04-23,41.13,22.67,84.65,59.97,24.8,67.32,27.49,37.7,23.86
2024-04-24,41.12,22.42,84.5627,60.66,25.27,67.61,27.31,37.36,23.72
2024-04-25,40.88,22.34,84.2357,60.82,25.44,66.56,27.25,37.5,23.58
2024-04-26,40.82,22.46,84.19,61.75,25.87,67.13,27.76,37.63,23.72
2024-04-29,40.76,22.49,84.3957,62.3,26.11,67.74,28.02,37.68,23.93
2024-04-30,40.36,22.25,83.5968,61.39,25.49,67.27,27.38,36.92,23.34
2024-05-01,40.36,22.23,83.6014,61.43,25.68,67.11,27.45,36.94,23.39
2024-05-02,40.46,22.59,84.11,63.67,27.15,68.47,27.84,37.34,23.82
2024-05-03,40.55,22.64,84.84,64.8,27.33,69.26,28.26,37.57,24.16
2024-05-06,41.07,22.99,85.6215,64.95,27.31,69.67,28.46,38.12,24.42
2024-05-07,41.21,23.25,86.1648,64.45,26.92,68.91,28.61,38.01,24.63
2024-05-08,41.36,23.32,86.12,64.39,26.82,68.04,28.6,37.9,24.5
2024-05-09,41.67,23.36,86.6761,64.93,27.4,68.34,28.54,38.28,24.49
2024-05-10,41.83,23.54,87.275,65.66,27.77,67.95,28.43,38.19,24.48
2024-05-13,41.66,23.55,87.2088,66.25,28.36,67.68,28.46,38.11,24.52
2024-05-14,41.87,23.78,87.6119,66.85,28.01,68.21,28.49,38.14,24.66
2024-05-15,42.18,23.99,88.4644,67.91,28.33,68.97,28.44,38.3,25.02
2024-05-16,42.18,23.95,88.5218,68.07,29.16,68.27,28.33,38.3,25.13
2024-05-17,42.49,24.13,88.9257,68.25,29.33,68.73,28.49,38.59,25.24
2024-05-20,41.91,24.03,88.2304,67.77,29.01,69.22,28.47,38.62,25.09
2024-05-21,42.18,24.11,88.5099,67.0,28.56,68.82,28.33,38.52,25.12
2024-05-22,41.94,23.91,87.8898,67.03,28.2,68.02,27.8,38.18,24.64
2024-05-23,41.36,23.72,86.838,66.48,27.63,67.72,27.56,37.83,24.5
2024-05-24,41.61,24.01,87.5166,66.58,27.58,68.46,27.49,38.23,24.71
2024-05-28,41.15,23.99,87.35,66.75,27.56,68.85,27.59,38.14,24.62
2024-05-29,40.82,23.65,86.0802,65.29,27.12,67.47,27.09,37.31,24.2
2024-05-30,41.04,23.92,86.8209,65.18,27.15,68.06,27.18,37.7,24.43
2024-05-31,41.64,24.2,87.8164,64.05,26.63,68.97,27.06,38.26,24.65
2024-06-03,41.38,24.25,87.81,64.98,26.76,69.4,26.28,37.94,24.81
2024-06-04,41.19,23.89,87.018,64.84,26.97,69.48,26.09,37.61,24.65
2024-06-05,41.31,23.91,87.3168,66.33,27.2,69.28,26.34,37.84,24.95
2024-06-06,41.29,24.12,87.418,66.78,27.19,69.24,26.55,37.99,25.1
2024-06-07,41.48,23.95,87.5126,65.37,26.5,68.73,25.64,37.46,24.74
2024-06-10,41.32,23.72,86.84,65.94,26.75,69.34,25.6,37.53,24.77
2024-06-11,40.85,22.48,84.4672,65.22,26.47,68.06,24.78,36.89,24.05
2024-06-12,40.81,22.87,84.9298,66.4,26.41,68.39,24.4,37.11,24.4
2024-06-13,40.78,22.3,83.6,66.33,26.39,67.15,24.4,36.6,24.26
2024-06-14,40.65,21.97,83.504,66.15,26.17,67.13,24.29,36.54,24.09
2024-06-17,41.01,22.34,84.2494,66.99,26.5,66.61,24.29,36.48,24.16
2024-06-18,41.27,22.5,84.81,67.56,26.56,66.66,24.47,36.52,24.43
2024-06-20,41.49,22.66,85.1637,68.02,26.88,66.48,24.65,36.54,24.46
2024-06-21,41.33,22.33,84.7794,67.26,26.42,66.01,24.77,36.49,24.37
2024-06-24,41.59,22.69,85.7593,66.89,26.72,66.51,24.95,37.08,24.46
2024-06-25,41.28,22.51,85.33,67.11,26.51,67.56,24.85,37.02,24.52
2024-06-26,41.02,22.36,84.72,67.14,26.52,67.31,24.72,36.93,24.24
2024-06-27,40.97,22.36,84.7349,67.07,25.89,67.65,24.81,37.22,24.46
2024-06-28,41.11,22.36,85.0731,67.11,25.99,68.24,24.76,37.09,24.43
2024-07-01,41.2,22.62,85.198,67.21,26.08,67.79,24.64,36.93,24.34
2024-07-02,41.68,22.49,86.0967,67.99,26.43,68.86,24.63,37.32,24.42
2024-07-03,41.55,22.76,86.4698,68.99,26.9,69.49,25.17,37.83,24.79
2024-07-05,41.54,22.95,86.4483,69.45,26.44,69.96,25.39,37.62,24.95
2024-07-08,41.43,22.86,86.2203,69.73,26.23,69.62,25.51,37.66,24.73
2024-07-09,41.75,22.71,86.5227,69.96,26.5,70.0,25.85,37.54,24.77
2024-07-10,41.91,22.95,87.4,70.85,26.38,71.28,26.13,38.12,25.14
2024-07-11,42.24,23.16,87.8714,71.28,26.94,71.01,26.23,38.38,25.26
2024-07-12,42.38,23.32,88.2404,71.4,27.22,71.4,26.51,38.61,25.63
2024-07-15,43.0,23.16,88.9,70.07,26.61,71.06,26.36,38.6,25.54
2024-07-16,43.49,23.3,89.6519,70.5,26.61,71.9,26.49,39.03,25.59
2024-07-17,43.82,23.23,90.0074,68.39,26.25,71.48,26.19,38.75,25.41
2024-07-18,43.29,23.13,88.98,67.35,26.01,70.4,25.51,38.45,25.11
2024-07-19,42.85,23.06,88.3893,66.59,25.82,69.96,25.54,38.38,24.95
2024-07-22,43.09,23.41,89.1407,67.21,26.36,70.3,25.63,38.65,25.03
2024-07-23,43.17,23.27,89.1074,66.92,25.99,70.24,25.33,38.39,24.89
2024-07-24,42.58,23.03,88.1061,65.49,25.7,68.86,24.96,38.05,24.45
2024-07-25,42.74,23.0,88.1633,64.9,25.39,67.78,24.77,38.0,24.33
2024-07-26,43.41,23.31,89.0788,65.44,25.52,68.69,24.9,38.33,24.68
2024-07-29,43.35,23.12,88.91,65.38,25.56,68.85,24.74,38.22,24.51
2024-07-30,43.85,23.35,89.8454,64.71,25.33,68.94,24.59,38.35,24.67
2024-07-31,43.74,23.34,90.1075,66.82,25.68,70.97,24.8,38.92,25.02
2024-08-01,43.12,22.46,88.137,65.24,25.32,67.55,24.28,38.05,24.43
2024-08-02,42.06,22.04,86.14,63.6,25.2,64.65,23.84,37.2,24.02
2024-08-05,40.84,21.54,83.5,61.65,25.03,63.43,23.4,36.52,23.21
2024-08-06,41.5,21.58,84.3054,61.82,24.78,63.12,23.93,37.04,23.61
2024-08-07,41.55,21.75,84.67,62.63,24.89,64.17,24.26,37.02,23.56
2024-08-08,42.22,22.03,86.09,64.45,25.49,65.53,24.77,37.66,24.11
2024-08-09,42.4,22.19,86.3358,64.95,25.45,65.37,25.26,37.83,24.29
2024-08-12,42.18,22.19,86.071,65.46,25.65,65.73,25.37,37.9,24.25
2024-08-13,42.53,22.52,87.15,66.46,25.8,67.61,25.71,38.43,24.63
2024-08-14,43.05,22.7,88.1462,65.61,25.32,67.71,25.84,38.66,24.48
2024-08-15,43.45,23.01,89.1369,66.58,25.84,69.01,26.23,39.1,24.7
2024-08-16,43.77,23.26,89.8462,67.75,26.36,69.37,26.31,39.27,24.95
2024-08-19,44.01,23.55,90.54,68.44,26.6,70.36,26.7,39.55,25.4
2024-08-20,43.87,23.44,90.46,67.57,26.0,70.02,26.38,39.45,25.26
2024-08-21,43.8,23.65,90.32,67.7,26.27,70.83,26.33,39.64,25.53
2024-08-22,44.05,23.63,90.4721,66.64,26.07,70.31,25.78,39.46,25.27
2024-08-23,44.43,24.1,91.8494,68.32,26.48,71.93,26.29,40.21,25.9
2024-08-26,44.57,24.03,91.8576,67.23,26.27,71.03,26.43,40.37,25.87
2024-08-27,44.8,24.19,92.32,67.59,26.56,71.73,26.23,40.35,25.82
2024-08-28,44.91,24.08,92.32,67.15,26.14,71.42,26.04,40.05,25.79
2024-08-29,45.31,24.12,92.96,67.18,26.33,71.54,25.8,40.23,26.05
2024-08-30,45.74,24.15,93.59,67.4,26.46,71.97,25.93,40.49,25.87
2024-09-03,45.4,23.65,92.8116,65.12,26.0,70.89,25.45,39.79,25.5
2024-09-04,45.45,23.7,92.8231,65.19,25.98,70.16,25.54,39.89,25.47
2024-09-05,44.95,23.92,92.445,65.22,25.85,70.58,25.68,39.78,25.58
2024-09-06,44.29,23.46,90.96,63.49,25.5,68.09,25.27,39.31,25.12
2024-09-09,44.95,23.77,92.2286,64.51,25.52,69.33,25.38,39.75,25.56
2024-09-10,44.49,23.55,91.46,64.23,25.46,69.14,25.02,39.55,25.45
2024-09-11,44.28,23.71,91.33,65.15,25.72,69.56,25.35,40.05,25.61
2024-09-12,44.38,23.91,91.96,65.78,25.71,70.25,25.62,40.4,26.05
2024-09-13,44.51,24.08,92.12,65.89,25.86,69.87,25.89,40.54,25.96
2024-09-16,45.09,24.34,93.2383,65.98,26.01,70.54,26.08,40.8,26.35
2024-09-17,45.33,24.26,93.39,66.21,26.34,69.71,26.11,40.68,26.2
2024-09-18,45.19,24.26,93.2489,65.88,26.19,69.39,26.04,40.49,26.15
2024-09-19,45.69,24.74,94.5641,67.99,27.13,71.23,26.2,41.15,26.82
2024-09-20,45.66,24.57,94.24,67.6,27.15,71.27,25.55,41.11,26.51
2024-09-23,45.44,24.5,94.5345,68.19,27.68,71.7,25.54,41.35,26.65
2024-09-24,45.06,24.72,94.316,71.63,30.4,71.08,26.18,41.66,26.88
2024-09-25,44.79,24.45,93.2988,70.56,29.56,70.95,25.96,41.42,26.44
2024-09-26,45.02,25.01,94.7488,74.7,31.92,72.99,26.21,41.66,26.97
2024-09-27,45.15,24.92,94.4279,74.19,32.17,71.08,26.12,41.45,27.05
2024-09-30,45.32,24.73,94.58,72.28,31.78,71.54,25.91,41.52,27.11
2024-10-01,45.08,24.23,93.7339,73.43,33.1,71.64,25.91,41.64,26.91
2024-10-02,45.13,24.16,93.8523,75.66,35.48,71.23,26.09,41.6,26.9
2024-10-03,44.89,23.96,93.2481,74.84,34.5,70.95,25.78,41.42,26.63
2024-10-04,45.65,24.27,94.648,75.81,35.71,71.88,26.05,41.67,26.46
2024-10-07,45.09,24.2,93.9419,77.4,36.69,71.04,25.89,41.43,26.37
2024-10-08,45.35,24.11,93.903,73.98,33.33,71.26,25.66,41.14,26.29
2024-10-09,45.77,24.16,94.1738,74.09,32.79,70.89,25.33,41.36,26.22
2024-10-10,45.63,24.21,94.2401,74.15,33.22,70.9,25.57,41.4,26.32
2024-10-11,46.51,24.38,95.54,74.98,33.37,71.05,25.56,41.6,26.5
2024-10-14,46.8,24.45,96.1201,74.65,32.74,71.17,25.76,41.61,26.53
2024-10-15,46.9,24.33,95.76,72.28,31.1,69.71,25.38,41.48,26.37
2024-10-16,47.48,24.4,97.0,73.06,31.65,70.13,25.38,41.87,26.46
2024-10-17,47.61,24.48,97.2267,73.52,30.85,69.76,25.29,41.88,26.46
2024-10-18,47.62,24.69,97.55,74.38,32.17,70.13,25.27,42.04,26.56
2024-10-21,47.24,24.38,96.48,73.55,31.74,68.97,25.2,41.77,26.21
2024-10-22,47.15,24.31,96.1254,73.34,31.99,68.06,25.19,41.82,26.14
2024-10-23,47.11,24.09,95.7089,73.18,31.92,66.67,25.21,41.52,25.84
2024-10-24,47.15,24.24,96.0355,72.7,31.73,67.22,25.28,41.44,25.99
2024-10-25,46.63,23.99,94.98,73.21,31.72,67.24,25.19,41.16,25.79
2024-10-28,47.21,24.32,96.1978,73.15,32.27,67.7,25.39,41.43,25.9
2024-10-29,46.92,24.2,95.723,72.91,32.04,68.36,25.02,41.27,25.72
2024-10-30,47.13,24.09,95.8192,72.07,31.63,68.42,24.9,41.23,25.58
2024-10-31,46.48,24.0,94.8888,71.51,31.56,68.07,24.6,40.63,25.35
2024-11-01,46.58,24.15,95.25,72.25,31.68,67.98,24.19,40.67,25.45
2024-11-04,46.28,24.25,94.7923,72.63,31.87,68.04,24.59,40.9,25.48
2024-11-05,46.71,24.56,96.01,73.8,32.64,69.07,24.74,41.36,25.87
2024-11-06,49.55,24.16,99.31,72.09,31.68,69.38,24.97,41.58,25.71
2024-11-07,48.75,24.29,98.8749,74.96,33.42,69.98,25.21,42.16,26.47
2024-11-08,49.19,23.81,98.7273,72.75,31.47,69.43,24.73,41.69,25.94
2024-11-11,49.89,23.94,99.6041,71.61,31.47,69.6,24.68,41.87,25.93
2024-11-12,49.74,23.42,98.986,69.79,30.31,68.5,24.49,42.25,25.5
2024-11-13,49.77,23.29,98.725,69.17,30.27,67.74,24.32,42.14,25.51
2024-11-14,49.64,23.42,98.7375,69.06,29.95,67.82,24.22,42.08,25.56
2024-11-15,49.87,23.63,99.2711,69.21,30.15,67.49,24.09,41.72,25.57
2024-11-18,50.02,23.84,99.5722,69.98,30.72,67.88,24.21,42.03,25.92
2024-11-19,49.69,23.65,99.07,69.92,30.39,67.78,24.13,42.28,26.14
2024-11-20,49.54,23.6,98.8885,69.68,30.53,67.28,24.03,42.21,25.98
2024-11-21,50.17,23.65,99.9729,69.66,30.35,67.47,23.87,42.94,26.24
2024-11-22,50.73,23.44,100.65,69.34,29.69,67.95,24.16,42.97,26.32
2024-11-25,51.06,23.59,100.93,69.24,29.7,68.42,24.2,42.89,26.32
2024-11-26,51.16,23.39,100.91,68.78,29.52,68.07,24.0,42.6,25.97
2024-11-27,51.26,23.56,101.05,69.05,30.31,67.88,23.56,42.83,26.25
2024-11-29,51.34,23.88,101.72,69.24,30.31,69.69,23.17,43.25,26.43
2024-12-02,50.83,23.86,101.41,69.84,30.37,70.54,23.01,43.1,26.36
2024-12-03,50.45,23.91,100.91,69.84,30.5,71.55,23.09,43.0,26.29
2024-12-04,50.26,24.04,100.69,70.08,30.28,71.15,23.15,42.96,26.13
2024-12-05,50.41,24.56,101.23,70.3,30.37,71.02,23.47,43.28,26.09
2024-12-06,50.4,24.48,101.01,70.27,30.77,71.08,23.09,42.88,25.7
2024-12-09,49.71,24.33,100.27,72.43,33.3,70.46,23.39,42.7,26.02
2024-12-10,49.7,24.27,99.8868,70.51,31.78,70.08,23.41,42.53,25.58
2024-12-11,49.8,24.38,100.158,70.73,31.48,71.07,23.78,42.76,25.63
2024-12-12,49.58,24.14,99.4,70.75,31.5,70.37,23.34,42.15,25.2
2024-12-13,49.54,24.33,99.4143,71.0,31.1,69.54,23.2,42.01,25.1
2024-12-16,49.45,24.34,99.41,70.51,30.59,69.18,22.75,41.8,25.15
2024-12-17,49.1,23.65,97.61,69.13,30.67,67.88,21.95,41.0,24.8
2024-12-18,47.63,23.04,94.9,67.6,30.05,66.18,20.95,39.85,23.98
2024-12-19,47.8,23.06,94.87,68.07,30.24,66.39,21.01,39.64,23.83
2024-12-20,48.51,23.09,95.61,68.34,30.42,66.21,21.28,39.93,23.77
2024-12-23,48.42,23.15,96.19,69.29,30.7,66.49,21.04,40.15,24.1
2024-12-24,48.99,23.36,96.91,69.3,31.09,66.45,21.17,40.46,24.2
2024-12-26,49.11,23.4,97.28,69.04,31.12,67.22,21.13,40.42,24.32
2024-12-27,48.75,23.34,96.7228,68.8,30.85,67.73,21.0,40.22,24.06
2024-12-30,48.28,23.32,96.16,68.21,30.49,67.16,20.96,40.09,23.97
2024-12-31,48.33,23.3,96.0565,67.83,30.44,67.1,20.91,40.3,23.86
2025-01-02,48.21,23.03,95.6216,67.41,29.89,67.01,21.12,40.35,23.91
2025-01-03,48.59,23.28,96.3875,68.63,30.39,67.28,20.87,40.59,24.2
2025-01-06,48.44,23.61,96.58,69.4,29.99,67.43,21.24,40.82,24.33
2025-01-07,48.33,23.62,96.54,68.23,29.62,67.27,21.48,40.58,24.22
2025-01-08,48.49,23.66,96.697,67.84,29.51,67.1,21.32,40.8,24.36
2025-01-10,47.32,23.39,94.45,66.57,28.65,65.24,21.14,40.02,23.81
2025-01-13,47.66,23.37,94.75,65.86,28.79,65.42,21.23,39.84,23.88
2025-01-14,48.25,23.67,95.85,66.72,29.42,65.29,21.37,40.07,23.98
2025-01-15,49.48,24.11,98.07,67.72,29.82,66.27,21.88,40.5,24.35
2025-01-16,49.81,24.22,98.78,68.13,29.83,65.85,21.63,40.41,24.33
2025-01-17,50.23,24.32,99.19,68.8,30.41,66.18,21.64,40.55,24.24
2025-01-21,50.65,24.84,100.6267,69.7,30.75,67.33,21.96,41.23,24.8
2025-01-22,50.41,24.74,100.0558,69.855,30.53,67.25,22.21,41.06,24.71
2025-01-23,50.7,25.2,100.79,69.89,30.56,67.82,22.36,41.45,24.75
2025-01-24,50.85,25.22,101.1839,70.56,31.32,68.48,22.46,41.65,24.91
2025-01-27,51.41,25.43,102.13,68.34,31.6,67.74,22.55,41.31,24.87
2025-01-28,51.32,25.35,102.2531,69.55,31.96,68.31,22.61,41.36,24.79
2025-01-29,51.28,25.4,102.0283,69.33,31.83,68.1,22.6,41.49,24.64
2025-01-30,51.77,25.52,102.82,70.85,32.59,69.12,23.13,41.78,24.95
2025-01-31,51.47,25.27,102.1242,69.87,31.89,68.31,22.96,41.22,24.61
2025-02-03,51.26,24.83,101.57,69.13,31.72,67.66,23.09,40.58,24.49
2025-02-04,51.14,25.2,101.84,70.7,32.47,68.27,23.26,41.32,24.78
2025-02-05,51.68,25.43,102.73,70.6,31.93,69.12,23.12,41.74,25.01
2025-02-06,52.11,25.86,103.74,70.95,32.28,69.4,23.61,41.8,25.13
2025-02-07,51.82,25.68,103.14,71.23,32.73,68.48,23.36,41.65,24.93
2025-02-10,51.41,25.79,102.76,72.68,33.62,68.75,23.57,42.02,25.09
2025-02-11,51.54,26.07,103.0063,72.3,33.34,68.74,23.71,42.07,25.04
2025-02-12,51.36,26.37,102.9503,73.17,34.17,68.02,23.48,41.96,25.26
2025-02-13,51.7,26.41,103.8251,73.41,34.16,69.26,23.58,42.52,25.66
2025-02-14,51.8,26.51,104.19,74.48,35.04,69.37,24.12,42.17,25.47
2025-02-18,52.17,27.0,105.01,75.44,35.3,70.1,24.25,42.44,25.42
2025-02-19,52.19,26.56,104.4637,75.26,35.05,69.62,23.97,42.23,25.04
2025-02-20,51.39,26.72,103.7831,76.08,35.73,69.71,24.17,42.22,25.09
2025-02-21,50.75,26.64,102.5559,76.825,36.24,69.09,23.47,41.55,24.55
2025-02-24,51.01,26.69,102.74,74.21,35.03,68.79,23.23,41.39,24.63
2025-02-25,50.96,27.26,103.34,74.72,35.38,69.47,23.28,41.35,24.54
2025-02-26,50.85,27.51,103.33,76.42,36.44,69.51,23.2,41.43,24.44
2025-02-27,51.13,27.32,103.4575,74.31,36.05,69.0,22.87,40.8,24.07
2025-02-28,52.18,27.44,104.72,73.27,35.23,68.47,22.4,41.23,23.99
2025-03-03,51.74,27.92,104.4521,72.0,34.51,69.21,22.31,40.45,23.95
2025-03-04,49.92,27.85,101.94,73.31,35.04,68.64,22.24,39.77,23.92
2025-03-05,50.21,28.82,103.49,76.21,36.79,70.15,22.75,40.73,24.41
2025-03-06,49.38,28.51,102.16,75.56,36.97,69.61,22.82,40.37,24.02
2025-03-07,49.12,29.02,102.5163,75.91,36.96,70.17,22.95,40.47,23.89
2025-03-10,48.02,28.12,99.86,73.61,35.97,68.68,22.41,39.68,23.42
2025-03-11,47.61,28.11,99.25,74.095,36.39,68.26,22.59,39.48,23.32
2025-03-12,47.68,28.34,99.82,74.94,36.35,69.52,22.71,39.84,23.31
2025-03-13,47.42,28.08,99.34,74.25,36.59,69.26,22.93,39.3,23.02
2025-03-14,48.52,28.82,101.63,75.57,37.66,70.35,23.79,40.11,23.5
2025-03-17,49.09,29.14,102.9,77.42,38.55,71.09,24.29,40.69,23.87
2025-03-18,49.03,29.47,102.92,76.685,38.49,70.89,24.27,40.52,23.43
2025-03-19,49.57,29.4,103.54,76.82,38.33,71.7,24.43,41.04,23.65
2025-03-20,49.64,28.93,103.36,75.72,37.23,71.32,24.15,41.03,23.53
2025-03-21,49.46,28.84,102.94,75.09,36.56,71.33,24.19,40.88,23.43
2025-03-24,50.15,29.04,104.06,75.265,36.67,71.17,24.03,41.51,23.7
2025-03-25,50.43,29.45,104.9085,74.93,36.3,71.68,24.25,41.71,23.81
2025-03-26,50.28,29.03,104.25,74.31,36.27,70.75,24.02,41.38,23.71
2025-03-27,50.18,29.14,104.12,74.62,36.68,70.65,24.1,41.25,23.75
2025-03-28,49.21,28.85,102.5442,72.5,35.84,69.22,23.77,40.57,23.47
2025-03-31,49.81,28.49,103.02,72.35,35.84,68.56,23.55,40.75,23.44
2025-04-01,49.75,28.62,102.93,72.82,35.76,68.2,23.89,41.13,23.71
2025-04-02,50.16,28.84,104.1,72.68,35.54,68.22,23.96,41.59,23.89
2025-04-03,47.69,27.94,99.68,70.66,35.22,65.41,24.06,40.62,23.25
2025-04-04,44.2,25.61,92.01,65.93,32.74,61.51,22.44,38.41,21.15
2025-04-07,44.09,24.9,90.8859,62.32,30.0,61.32,21.82,37.79,20.85
2025-04-08,43.92,24.77,90.79,60.67,29.59,61.65,21.35,37.17,20.82
2025-04-09,47.23,26.93,97.8,65.66,31.68,66.34,22.77,39.54,22.81
2025-04-10,45.91,26.71,95.3,64.36,31.56,64.22,22.08,38.74,22.35
2025-04-11,46.67,27.39,96.82,67.31,32.94,65.82,22.51,39.87,22.77
2025-04-14,47.15,27.78,98.36,67.59,33.37,66.9,22.88,40.44,23.29
2025-04-15,47.27,28.28,98.81,67.7,33.18,67.44,22.89,40.53,23.36
2025-04-16,46.53,28.26,97.78,66.1,32.42,66.78,22.93,40.83,23.42
2025-04-17,46.65,28.54,98.39,66.37,32.4,68.07,23.44,41.1,23.61
2025-04-21,45.65,28.35,96.98,65.89,32.43,67.92,23.39,40.77,23.48
2025-04-22,47.16,29.18,99.63,67.22,33.46,69.27,24.07,41.39,23.96
2025-04-23,47.72,29.36,100.78,68.92,33.83,69.48,24.34,41.52,24.0
2025-04-24,48.25,29.59,102.1,69.47,34.11,70.28,24.74,42.06,24.51
2025-04-25,48.02,29.76,102.19,69.58,33.98,70.77,24.9,42.04,24.51
2025-04-28,48.17,29.95,102.74,69.44,34.0,71.74,25.11,42.37,24.52
2025-04-29,48.67,30.18,103.51,69.63,33.8,72.02,25.1,42.45,24.55
2025-04-30,48.76,29.89,103.07,70.05,33.86,71.43,24.9,42.45,24.67
2025-05-01,48.75,29.78,103.1853,70.36,33.79,71.17,24.78,42.31,24.65
2025-05-02,49.76,30.3,104.8,73.54,34.91,71.89,24.9,42.84,25.31
2025-05-05,49.44,30.55,104.47,74.58,34.87,72.39,24.65,42.66,24.99
2025-05-06,49.16,30.56,104.26,74.03,35.27,72.43,24.86,42.77,25.05
2025-05-07,49.45,30.47,104.25,73.04,34.47,71.98,24.78,42.89,24.89
2025-05-08,49.86,30.49,105.27,73.44,35.0,71.83,25.27,42.81,24.83
2025-05-09,49.86,30.77,105.55,73.82,34.83,72.01,25.44,42.85,25.01
2025-05-12,50.87,30.74,106.83,76.07,36.04,72.8,25.45,43.08,25.18
2025-05-13,51.08,30.81,107.43,76.06,35.74,72.25,26.06,43.4,25.42
2025-05-14,50.94,31.01,107.721,77.07,36.31,71.45,26.06,43.44,25.16
2025-05-15,51.28,31.21,108.2247,76.43,35.75,72.3,26.0,43.83,25.55
2025-05-16,51.59,31.26,108.79,76.39,35.64,72.49,25.9,43.89,25.47
2025-05-19,51.62,31.75,109.1763,76.54,35.86,72.57,26.03,44.05,25.63
2025-05-20,51.34,31.9,109.0391,76.78,36.26,72.99,26.04,44.19,25.63
2025-05-21,50.29,31.69,107.6353,76.61,36.09,72.31,25.67,43.94,25.41
2025-05-22,50.23,31.75,107.7483,76.26,35.91,72.37,25.57,44.0,25.41
2025-05-23,50.05,31.59,107.4269,76.18,35.97,73.03,25.72,44.44,25.65
2025-05-27,50.93,31.82,108.8911,76.13,35.6,74.95,25.94,44.82,25.87
2025-05-28,50.59,31.52,107.9834,75.4,35.24,73.61,25.71,44.76,25.56
2025-05-29,50.85,31.74,108.5261,75.81,35.62,74.03,25.72,44.78,25.64
2025-05-30,50.96,31.78,108.8776,74.67,35.0,74.12,25.28,44.96,25.81
2025-06-02,50.98,32.18,109.2,75.8,35.35,75.04,25.36,45.39,26.15
2025-06-03,51.08,31.86,109.31,76.26,35.7,74.13,25.49,45.34,26.07
2025-06-04,50.79,31.86,108.9,77.83,36.37,74.08,25.36,45.25,26.33
2025-06-05,50.65,32.06,109.03,78.26,36.63,73.39,25.52,45.32,26.36
2025-06-06,51.28,32.27,110.155,78.45,36.59,73.82,25.61,45.39,26.37
