Date,Technology,Energy,Consumer Staples,Consumer Discretionary,Healthcare,Industrials,Materials
2020-06-08,99.7217,41.5761,57.2142,130.833,99.9943,73.4333,57.0246
2020-06-09,100.179,40.0149,56.7458,129.807,98.9629,71.6053,56.3293
2020-06-10,101.851,38.0449,56.587,128.603,98.8142,69.8922,55.6913
2020-06-11,96.0216,34.4608,54.4401,121.863,93.3166,64.9826,51.3906
2020-06-12,97.2642,35.3313,54.4501,123.077,93.9235,66.244,52.389
2020-06-15,98.2034,35.4361,55.0782,124.232,94.1348,66.8989,52.9421
2020-06-16,100.289,36.4573,55.9401,126.85,96.4567,68.2067,54.0461
2020-06-17,100.269,35.215,55.8563,126.512,96.3605,67.7163,53.5978
2020-06-18,100.727,35.6493,56.1463,126.044,96.0292,67.4676,53.6353
2020-06-19,100.03,35.1094,55.8563,125.058,96.9536,66.6382,53.4744
2020-06-22,101.911,35.2717,55.6975,126.352,96.5776,66.7512,53.6728
2020-06-23,102.657,35.3089,55.6107,127.358,96.9932,66.7602,53.7962
2020-06-24,100.329,33.3486,54.6759,124.54,94.4651,64.4386,52.2271
2020-06-25,101.622,33.9874,55.0634,124.71,95.3944,65.155,52.8788
2020-06-26,99.6321,32.8086,53.9412,121.793,94.234,63.9472,52.152
2020-06-29,100.707,33.2497,54.9599,124.092,95.085,66.0447,53.1642
2020-06-30,102.517,34.0128,55.3642,125.686,96.7046,66.4233,53.9296
2020-07-01,102.686,33.1862,55.4125,126.96,97.4485,66.123,54.0461
2020-07-02,103.284,33.554,55.6975,127.458,98.1943,66.6938,55.0613
2020-07-06,105.094,33.6538,55.9687,130.475,99.1811,67.6508,55.8454
2020-07-07,103.99,32.5846,56.4795,128.433,98.3321,66.3539,55.8632
2020-07-08,105.682,32.5592,56.3385,129.797,98.3421,66.3539,55.0702
2020-07-09,106.07,30.9481,55.8938,129.659,97.5556,64.9132,54.5518
2020-07-10,106.04,31.939,56.9243,131.201,97.3215,65.7544,55.4998
2020-07-13,103.84,31.7659,56.8375,129.539,97.8769,66.0249,55.4998
2020-07-14,105.044,32.88,57.6688,130.823,99.806,67.4577,56.8981
2020-07-15,105.602,33.5922,57.7172,132.685,101.135,69.1767,57.8551
2020-07-16,104.308,33.4386,57.8395,132.336,100.966,69.1966,58.0467
2020-07-17,104.816,32.972,58.152,131.729,102.325,69.6127,58.5364
2020-07-20,107.482,32.4232,57.5653,133.83,102.305,68.7616,58.0269
2020-07-21,106.418,34.3815,58.0653,134.038,102.246,69.6702,58.5364
2020-07-22,107.254,33.96,58.5287,135.184,103.169,70.231,59.2139
2020-07-23,104.488,33.8974,58.7349,133.152,102.692,70.019,59.0312
2020-07-24,103.214,33.7066,58.6608,133.392,101.562,69.4572,58.8298
2020-07-27,104.846,33.7437,58.9528,134.218,102.325,69.7475,59.683
2020-07-28,103.612,33.1696,59.1697,132.884,102.216,69.2649,58.3716
2020-07-29,105.124,33.8612,59.2556,134.238,103.297,70.3182,58.8495
2020-07-30,105.702,32.5308,59.2556,134.128,102.563,69.6127,57.7109
2020-07-31,108.348,32.3772,59.1984,134.826,101.988,69.3511,57.7682
2020-08-03,111.024,32.4946,59.0386,134.536,103.039,69.6415,57.4423
2020-08-04,111.293,33.286,59.7742,135.632,102.573,69.8149,58.257
2020-08-05,111.701,33.6352,59.651,137.275,103.059,71.1515,59.1093
2020-08-06,113.283,33.3672,59.6421,137.951,102.494,71.422,58.8594
2020-08-07,111.581,33.4112,59.9626,138.161,102.831,72.6387,59.0599
2020-08-10,111.273,34.4442,60.2762,139.803,102.474,74.4281,59.6356
2020-08-11,109.273,34.3277,59.8591,139.525,101.839,74.8245,59.5289
2020-08-12,111.75,34.6692,60.6331,141.376,103.565,75.0652,59.8855
2020-08-13,111.8,33.9952,60.5878,141.327,103.426,74.6689,59.8755
2020-08-14,111.721,34.3189,60.579,141.317,103.218,74.9582,59.9418
2020-08-17,112.467,34.1214,60.9152,143.138,103.813,74.6114,60.2094
2020-08-18,112.895,33.6909,61.1637,144.024,103.793,74.2062,59.9595
2020-08-19,112.755,33.3036,60.6805,143.348,103.465,74.01,59.7876
2020-08-20,114.257,32.5846,60.5592,143.128,103.129,73.6156,59.5783
2020-08-21,115.721,32.3772,60.7101,143.866,103.237,73.9159,59.2317
2020-08-24,116.715,33.2674,61.2288,146.036,102.751,75.2475,60.2755
2020-08-25,117.292,32.7998,61.0956,146.523,103.465,75.1534,60.0365
2020-08-26,119.69,32.1092,61.1736,147.977,103.337,75.1911,60.6676
2020-08-27,119.789,32.1709,61.5493,147.181,104.141,75.4616,60.5056
2020-08-28,120.834,32.747,62.0976,148.147,104.369,76.1779,61.2255
2020-08-31,121.222,32.0368,61.9171,147.709,104.617,75.2287,60.2854
2020-09-01,123.53,31.8206,61.9842,149.261,103.684,75.9936,61.98
2020-09-02,124.634,31.6681,63.1074,151.322,105.767,77.251,63.3863
2020-09-03,117.521,31.4342,62.0226,146.513,102.881,75.0851,61.6354
2020-09-04,115.899,31.3354,61.8806,144.831,102.147,75.2575,61.6739
2020-09-08,110.656,30.1959,60.579,142.93,100.47,73.8475,60.5155
2020-09-09,114.257,30.4013,61.4566,145.618,102.246,74.987,62.0758
2020-09-10,111.671,29.2872,60.7002,143.546,100.688,74.0298,61.4922
2020-09-11,110.835,29.3126,61.0395,143.756,101.096,75.0366,62.2763
2020-09-14,113.153,29.5375,61.4369,145.289,102.513,76.0512,63.175
2020-09-15,114.267,29.3214,61.3521,146.464,102.653,76.0997,63.482
2020-09-16,112.497,30.4991,61.076,145.647,102.474,76.8736,63.5305
2020-09-17,111.561,30.5451,60.6904,143.616,102.147,77.0281,63.9985
2020-09-18,109.651,30.2027,60.1332,141.606,101.998,76.1681,62.8975
2020-09-21,110.576,29.201,59.6747,139.555,100.104,73.6394,60.7811
2020-09-22,112.297,28.8988,60.0257,142.512,99.8857,74.3677,60.8957
2020-09-23,108.816,27.5949,59.1234,140.172,98.8737,73.038,59.1083
2020-09-24,109.422,27.5851,59.5603,140.112,98.3857,73.144,59.5299
2020-09-25,112.019,27.5665,59.8739,141.944,99.9445,74.2409,60.0602
2020-09-28,114.178,28.215,60.5484,144.911,100.867,75.5805,61.031
2020-09-29,113.8,27.4403,60.149,143.786,100.738,74.9117,60.5787
2020-09-30,114.755,27.3571,60.8817,144.96,102.335,74.7165,61.1949
2020-10-01,115.959,26.5159,61.2219,146.853,101.998,74.4936,60.3299
2020-10-02,113.014,26.7712,60.8817,146.225,101.076,75.3288,60.867
2020-10-05,115.511,27.5763,61.289,148.167,103.139,76.5416,62.0304
2020-10-06,113.711,27.1634,60.8906,145.409,101.77,75.6102,61.2522
2020-10-07,115.799,27.5489,61.5444,148.744,103.693,77.2788,62.8293
2020-10-08,116.387,28.5809,61.9537,149.729,104.189,78.0467,63.4642
2020-10-09,118.167,28.1241,62.4378,151.282,105.132,78.338,63.9531
2020-10-12,121.401,28.1964,63.1606,153.294,105.856,78.7838,63.8485
2020-10-13,120.625,27.7592,63.1124,153.264,105.053,77.9099,63.2816
2020-10-14,119.978,27.8775,62.789,151.572,104.437,78.3479,63.4642
2020-10-15,119.451,28.215,62.8274,152.118,103.684,78.6293,63.2816
2020-10-16,119.103,27.5763,62.8471,150.745,104.705,79.2,63.723
2020-10-19,116.904,26.9913,62.0306,148.893,103.049,78.22,62.9824
2020-10-20,117.302,27.3102,61.9625,150.088,103.188,78.6293,63.1276
2020-10-21,117.123,26.7898,62.0207,149.271,102.663,77.8326,62.8866
2020-10-22,116.585,27.8951,61.9921,149.58,104.219,78.4727,63.2333
2020-10-23,116.457,27.7592,62.1065,150.884,104.607,78.7838,63.4642
2020-10-26,113.939,26.7624,61.3087,147.987,103.455,76.8121,61.8773
2020-10-27,114.507,26.4151,61.147,147.917,102.732,75.1346,61.2897
2020-10-28,109.651,25.3098,59.3611,143.248,99.4787,72.6694,59.5595
2020-10-29,111.462,26.0874,59.3413,144.154,98.6724,73.7266,60.7901
2020-10-30,109.004,26.2322,59.1333,140.998,98.6426,73.6394,60.7525
2020-11-02,109.283,27.1292,60.0741,142.014,100.411,75.6291,62.7721
2020-11-03,111.203,26.9727,61.0592,145.14,101.879,77.8614,63.7516
2020-11-04,115.551,27.0099,61.0888,148.227,106.392,77.0549,62.6654
2020-11-05,119.133,27.0099,61.5355,151.114,106.61,78.872,65.2241
2020-11-06,119.551,26.4239,61.8205,150.656,106.65,78.9483,65.3871
2020-11-09,118.685,30.1978,61.6795,150.168,107.651,81.6384,66.8565
2020-11-10,116.467,31.1741,62.8945,149.64,107.958,83.0751,67.6455
2020-11-11,119.242,30.8542,63.4359,150.944,107.83,82.3746,66.6363
2020-11-12,118.167,29.8594,63.2643,148.923,107.423,81.4333,65.2339
2020-11-13,119.183,30.9452,64.138,151.342,108.782,83.2376,66.3578
2020-11-16,120.327,32.9818,64.7267,153.324,108.604,85.2688,67.6653
2020-11-17,119.66,33.3212,64.271,152.666,107.899,85.0429,67.4144
2020-11-18,118.377,32.3528,63.3885,151.632,105.886,84.6664,66.8565
2020-11-19,119.342,32.882,63.5591,152.368,105.807,84.8794,67.137
2020-11-20,118.098,32.7089,63.1606,151.582,105.559,84.1115,67.0787
2020-11-23,118.068,35.0213,63.1794,153.244,105.291,85.5205,67.6367
2020-11-24,119.72,36.8192,63.6074,155.514,105.598,87.0147,69.3204
2020-11-25,119.968,35.9604,63.569,155.703,105.211,86.3528,68.5985
2020-11-27,120.615,35.5408,63.5591,156.041,106.183,86.2092,68.954
2020-11-30,121.421,33.5775,63.5492,155.096,106.471,85.4413,68.2617
2020-12-01,122.964,33.7321,64.1104,156.251,107.364,85.2292,69.0113
2020-12-02,122.774,34.8277,63.5778,155.265,108.176,85.3441,68.1285
2020-12-03,122.694,35.1925,63.7396,155.703,108.038,85.5691,67.6554
2020-12-04,123.938,37.1117,64.2316,155.853,109.188,86.5866,69.0212
2020-12-07,124.286,36.244,63.9871,155.494,108.524,86.1704,68.5689
2020-12-08,124.694,36.783,64.3391,155.165,109.348,86.5866,68.954
2020-12-09,122.296,36.8652,64.0808,155.026,108.96,86.7818,68.9916
2020-12-10,122.476,37.9979,63.7957,154.897,108.782,85.9555,68.5689
2020-12-11,122.217,37.5597,63.9378,154.15,108.366,86.1606,68.1749
2020-12-14,122.654,36.244,63.6912,154.379,107.542,85.0429,67.3098
2020-12-15,124.714,36.9571,63.8441,156.459,108.702,86.229,68.5314
2020-12-16,125.55,36.7732,63.9673,157.485,108.396,85.6938,68.3398
2020-12-17,126.555,36.6001,64.3737,158.561,109.556,86.219,69.1278
2020-12-18,126.107,35.9887,64.5176,157.794,109.635,86.229,69.435
2020-12-21,126.236,35.2943,63.8195,156.011,108.544,85.7118,69.0676
2020-12-22,127.331,34.7024,63.3688,155.335,108.206,85.3114,68.642
2020-12-23,126.366,35.4703,63.5798,155.673,108.286,85.7603,68.7397
2020-12-24,127.202,35.2845,63.8964,156.001,108.604,85.7702,69.1743
2020-12-28,128.634,35.0624,64.4023,157.784,108.872,85.8782,68.9037
2020-12-29,128.027,34.8305,64.2109,157.834,109.387,85.36,68.7397
2020-12-30,127.958,35.3773,64.1449,158.78,109.367,85.9069,69.6868
2020-12-31,128.147,35.082,64.5945,158.859,110.518,86.3062,69.9573
2021-01-04,126.058,35.1358,63.8964,157.525,110.032,84.2196,69.2908
2021-01-05,126.873,36.7106,63.8964,158.7,110.835,85.0479,70.8462
2021-01-06,124.694,37.8307,63.9427,160.322,112.353,87.0762,73.7446
2021-01-07,128.047,38.3863,63.7524,163.419,113.821,87.5536,74.2956
2021-01-08,128.873,38.3393,64.067,166.785,114.366,87.3397,73.9391
2021-01-11,127.808,38.9409,63.5216,163.678,114.901,87.3099,73.9391
2021-01-12,127.202,40.3016,63.3106,166.167,113.651,88.1779,74.8753
2021-01-13,128.008,39.9876,63.4082,166.157,113.969,87.4169,74.1129
2021-01-14,126.883,41.1722,63.0719,165.101,113.602,87.7191,73.8611
2021-01-15,125.58,39.5699,62.852,163.827,113.959,86.5787,72.8084
2021-01-19,127.222,40.3662,62.5739,164.753,114.812,86.8631,73.0583
2021-01-20,129.749,40.5149,62.6893,167.86,115.437,87.3971,73.3002
2021-01-21,131.42,39.1444,62.4773,168.646,114.901,86.7154,72.2277
2021-01-22,130.913,38.9409,62.3165,168.069,114.564,86.2666,71.8792
2021-01-25,132.017,38.5428,62.9388,168.696,115.298,85.682,71.5029
2021-01-26,132.107,37.7192,63.5019,168.586,114.881,84.8933,70.5173
2021-01-27,129.609,37.2105,62.43,163.399,111.4,83.2059,68.4385
2021-01-28,130.127,37.6448,62.6696,163.907,113.017,84.4445,69.6186
2021-01-29,127.072,36.3947,61.3757,160.084,112.065,82.6203,68.2657
2021-02-01,130.246,36.6558,61.4349,164.245,112.481,83.4804,69.0676
2021-02-02,132.027,37.053,61.8462,167.72,112.809,85.255,69.9761
2021-02-03,131.569,38.6357,61.9419,166.794,112.015,85.3114,70.1115
2021-02-04,133.669,39.0622,62.3924,168.566,112.471,86.229,69.8606
2021-02-05,133.371,39.3948,62.9762,170.19,112.679,86.7353,71.0595
2021-02-08,134.773,41.0421,63.2159,171.145,112.819,87.4764,71.6481
2021-02-09,134.613,40.6068,63.1588,170.21,112.987,87.6993,71.1158
2021-02-10,134.415,41.3844,63.0917,168.516,113.195,87.5636,71.0397
2021-02-11,135.887,40.7466,62.8126,168.049,113.413,87.3783,71.1059
2021-02-12,136.594,41.3482,62.9092,168.288,114.257,88.0114,71.8416
2021-02-16,136.146,42.3842,62.7938,167.561,113.126,87.9242,71.7053
2021-02-17,134.942,43.0132,63.0236,168.526,113.533,87.6795,71.6678
2021-02-18,134.285,42.0418,62.9862,168.576,112.819,87.2416,71.2234
2021-02-19,134.087,42.7461,62.1903,167.601,111.47,88.6753,72.527
2021-02-22,131.131,44.2271,62.2485,164.066,111.202,88.9576,72.8084
2021-02-23,130.763,44.9578,62.3343,162.991,111.013,89.2301,73.0583
2021-02-24,132.763,46.5503,62.2968,164.693,111.787,90.9166,73.6972
2021-02-25,128.127,45.6513,61.6164,158.571,110.666,89.2401,71.9957
2021-02-26,128.803,44.5685,60.6193,159.228,109.694,88.3137,71.0782
2021-03-01,132.953,45.7247,61.2328,162.971,111.142,90.5757,72.8745
2021-03-02,130.843,45.4752,61.1282,161.09,110.815,90.3132,73.2804
2021-03-03,127.55,46.1434,60.8403,157.306,109.416,90.4092,72.5566
2021-03-04,124.744,47.2438,60.6193,153.981,107.938,88.9676,71.1454
2021-03-05,127.092,49.0124,61.9605,154.957,110.101,91.0721,72.7788
2021-03-08,124.018,49.1044,62.2298,155.136,109.824,92.0273,73.7544
2021-03-09,128.226,48.2436,62.1716,161.0,110.478,91.6468,74.2088
2021-03-10,127.719,49.4653,62.9862,161.816,110.726,93.0022,75.4362
2021-03-11,130.445,49.4849,62.8323,164.305,111.41,93.0696,75.8421
2021-03-12,129.52,49.5866,63.349,164.783,111.648,94.3171,76.0446
2021-03-15,130.893,49.0212,63.6271,167.003,112.412,95.1078,76.1325
2021-03-16,131.887,47.6234,63.704,165.271,112.343,93.7533,75.5044
2021-03-17,131.779,47.9941,63.6093,167.591,111.936,94.8343,76.1798
2021-03-18,128.117,45.8372,63.349,163.499,111.708,94.7471,75.7562
2021-03-19,127.729,45.8469,63.5709,164.475,112.105,94.0258,75.378
2021-03-22,130.236,45.4068,64.2435,165.549,113.077,93.9762,75.4264
2021-03-23,129.43,44.7425,64.5147,163.997,111.936,92.3345,73.8542
2021-03-24,127.858,45.8646,64.2632,161.568,111.817,93.0092,74.3895
2021-03-25,127.779,46.0328,64.8894,162.991,112.273,94.4954,75.4659
2021-03-26,131.032,47.1754,66.0353,164.345,114.405,96.1273,77.3393
2021-03-29,130.345,46.6138,66.7,163.449,114.941,96.1471,77.0776
2021-03-30,129.112,46.2109,65.987,165.042,113.909,96.5683,76.8543
2021-03-31,131.171,45.8929,65.776,166.327,114.127,96.2552,76.4742
2021-04-01,133.807,47.0619,65.4574,167.66,113.791,96.5781,77.1437
2021-04-05,136.574,45.9399,66.2956,171.474,114.584,97.7712,78.0957
2021-04-06,135.987,45.8177,66.5737,172.22,114.137,97.5353,78.2695
2021-04-07,136.713,45.9771,66.41,171.702,113.889,97.0855,76.9205
2021-04-08,138.683,45.3784,66.4781,172.509,114.059,97.3203,77.0183
2021-04-09,140.016,45.0781,66.3617,174.151,115.298,98.2715,77.6888
2021-04-12,139.35,44.724,66.7186,175.277,115.417,98.6371,77.9604
2021-04-13,140.663,44.7699,66.3617,177.139,115.903,98.1526,77.7757
2021-04-14,139.17,46.0152,66.3055,175.387,115.893,98.2814,78.3376
2021-04-15,141.558,45.6406,66.8341,176.651,117.886,98.6768,79.261
2021-04-16,141.528,45.2757,67.2187,178.005,118.76,98.8947,80.2219
2021-04-19,140.354,45.2287,66.9593,176.013,118.79,98.4785,79.8516
2021-04-20,139.111,44.0314,67.3262,173.783,119.246,97.3887,79.0852
2021-04-21,140.514,44.5939,67.6614,176.113,120.664,98.7263,80.5211
2021-04-22,138.862,44.0686,67.1625,174.151,120.118,98.222,79.1623
2021-04-23,140.932,44.4706,66.9879,175.984,120.912,99.3009,80.4638
2021-04-26,141.658,44.7699,66.2375,176.76,120.505,99.0037,80.9388
2021-04-27,141.31,45.3129,66.1892,176.551,119.801,99.8265,80.7255
2021-04-28,139.996,46.8761,66.2375,176.342,119.444,99.6185,80.9487
2021-04-29,139.877,47.3993,66.9396,176.392,118.968,100.311,81.4523
2021-04-30,137.967,46.2011,66.9977,177.079,118.61,99.6573,80.5902
2021-05-03,137.599,47.4747,67.5461,176.233,119.96,100.678,81.7941
2021-05-04,135.121,47.5021,67.2009,174.381,120.089,101.124,82.6867
2021-05-05,134.793,49.0359,67.1526,173.833,120.307,101.223,83.7345
2021-05-06,136.146,49.2892,68.0184,174.211,120.465,101.936,84.4426
2021-05-07,137.32,50.1676,68.0184,175.785,121.289,103.007,85.2771
2021-05-10,133.847,50.1862,68.5381,172.649,121.447,103.086,84.8988
2021-05-11,133.439,48.896,67.9415,170.707,120.138,101.58,85.1803
2021-05-12,129.689,49.1308,67.0363,164.923,119.008,99.1424,83.0344
2021-05-13,131.41,48.5311,67.979,166.087,120.079,100.995,84.3074
2021-05-14,134.295,50.0375,68.2798,168.974,120.693,102.392,85.3166
2021-05-17,133.311,51.1967,68.1821,168.666,120.465,102.096,86.0641
2021-05-18,132.245,50.0091,67.9711,167.342,120.505,100.589,85.1122
2021-05-19,132.703,48.7659,67.7493,165.938,120.297,100.025,83.8116
2021-05-20,135.251,48.6906,68.3744,167.641,121.557,100.242,83.86
2021-05-21,134.505,48.7923,68.3843,166.804,121.577,100.738,84.0456
2021-05-24,136.902,49.2794,68.5864,168.457,121.695,101.372,84.7922
2021-05-25,136.942,48.2788,68.6052,168.994,121.329,101.065,84.0733
2021-05-26,136.932,48.7082,68.4612,170.608,120.634,101.392,84.1029
2021-05-27,136.206,48.7464,68.0382,171.284,120.366,102.779,84.7724
2021-05-28,136.693,48.8403,68.1821,171.056,120.833,102.779,84.6855
2021-06-01,136.017,50.7194,67.9513,170.727,118.849,103.165,85.8696
2021-06-02,136.962,51.6653,68.2018,169.94,118.61,102.888,85.1507
2021-06-03,135.679,51.8052,68.6249,167.909,118.978,102.66,85.1309
2021-06-04,138.285,52.1515,68.8665,169.264,119.354,102.997,85.3166
2021-06-07,138.255,51.9264,68.7512,169.264,119.781,102.274,84.2787
2021-06-08,138.265,52.3764,68.1723,170.628,119.414,102.541,84.4328
2021-06-09,138.365,52.0477,67.8448,169.692,120.575,101.5,83.7731
2021-06-10,139.39,51.9832,68.2699,170.488,122.627,100.995,83.2674
2021-06-11,140.216,51.8052,68.3073,171.414,121.755,101.204,83.5785
2021-06-14,141.638,51.5811,68.2699,171.464,121.863,100.738,82.5505
2021-06-15,140.762,52.5633,68.1052,170.558,121.903,101.174,82.3757
2021-06-16,140.006,52.2825,67.2009,170.638,121.437,100.203,81.4623
2021-06-17,141.628,50.5051,67.4406,171.274,122.359,98.6768,79.6481
2021-06-18,140.334,49.0085,66.2463,170.388,120.971,97.3887,78.3574
2021-06-21,141.837,51.0959,67.0027,171.693,122.419,99.5289,79.9858
2021-06-22,143.12,51.4373,67.0994,173.305,122.687,99.6374,80.3068
2021-06-23,142.972,51.5791,66.6832,174.649,122.171,99.4199,79.7913
2021-06-24,143.866,52.0223,67.0125,175.247,122.806,100.173,80.0451
2021-06-25,143.698,52.2972,67.5254,176.362,123.371,100.371,80.055
2021-06-28,145.21,50.5295,67.5845,176.402,123.56,99.8554,80.055
2021-06-29,146.254,50.283,67.2838,176.84,123.689,99.6573,80.0154
2021-06-30,146.095,50.9081,67.8074,176.979,123.609,100.421,80.2297
2021-07-01,146.344,51.7964,67.6043,177.965,124.7,101.144,80.6672
2021-07-02,148.274,51.6829,67.7689,179.528,125.91,101.302,80.7848
2021-07-06,148.841,50.0003,67.4879,179.737,125.792,100.321,79.5859
2021-07-07,149.657,49.1875,67.8458,179.638,126.584,101.332,80.4145
2021-07-08,148.235,48.9048,67.5944,179.19,125.89,99.925,79.3223
2021-07-09,149.607,49.9447,67.981,180.872,126.327,101.5,80.8815
2021-07-12,149.727,49.8683,67.8744,182.117,126.566,101.64,81.1452
2021-07-13,150.343,49.4907,67.8558,179.926,126.446,100.649,80.4045
2021-07-14,151.438,48.0156,68.4563,179.598,126.337,100.639,80.2397
2021-07-15,150.205,47.3455,68.7383,178.632,125.89,100.837,80.2495
2021-07-16,148.712,46.0035,68.8439,176.442,126.238,99.9449,79.0398
2021-07-19,146.662,44.3777,68.6407,174.411,124.899,97.8593,77.3441
2021-07-20,148.841,44.9734,68.6594,177.626,126.426,100.589,78.2221
2021-07-21,150.283,46.5424,68.4859,179.26,126.634,101.56,79.0793
2021-07-22,151.379,46.022,68.3685,180.036,127.566,101.184,79.108
2021-07-23,152.891,45.8529,69.1939,181.649,129.045,101.62,79.6639
2021-07-26,152.811,46.9866,69.3093,183.003,128.202,101.57,80.3364
2021-07-27,151.359,46.5512,69.4543,181.141,128.807,101.005,80.4441
2021-07-28,151.179,46.9768,68.8439,180.554,129.263,100.767,80.6771
2021-07-29,151.875,47.4307,69.184,182.595,129.57,101.57,81.5649
2021-07-30,151.777,46.6745,69.2994,178.832,129.689,101.372,81.8957
2021-08-02,151.239,46.3243,69.0085,179.339,129.868,100.668,80.9013
2021-08-03,152.204,47.1186,69.3192,180.673,131.683,101.996,81.7397
2021-08-04,152.513,45.8431,68.4178,178.92,131.117,100.599,80.9606
2021-08-05,153.358,46.3625,68.7482,180.633,130.582,101.074,80.8431
2021-08-06,153.229,46.787,68.7482,179.398,130.473,101.55,82.0122
2021-08-09,152.731,46.1258,68.9986,179.15,130.969,101.144,81.9155
2021-08-10,151.627,46.9386,69.4937,179.856,130.671,102.174,83.1539
2021-08-11,151.647,47.3065,69.7254,180.384,129.372,103.492,84.3231
2021-08-12,152.523,47.2605,69.687,180.464,130.393,103.294,84.1858
2021-08-13,153.358,46.7019,70.2688,179.946,131.207,102.987,84.2649
2021-08-16,154.045,45.8431,70.6751,179.11,132.695,103.324,83.8452
2021-08-17,152.771,45.3696,70.7145,174.869,134.272,102.214,82.8803
2021-08-18,150.671,44.4256,69.8329,175.496,132.219,101.094,81.9155
2021-08-19,152.135,43.2724,70.3941,174.371,132.823,100.381,81.1847
2021-08-20,154.095,43.3662,70.5114,176.053,133.587,100.649,81.6617
2021-08-23,156.094,44.991,70.2886,178.314,133.637,101.48,82.3639
2021-08-24,155.915,45.7384,69.755,179.568,133.161,101.996,82.8803
2021-08-25,155.826,46.0886,69.6387,180.265,132.793,102.65,83.2596
2021-08-26,154.841,45.3882,69.3192,178.602,132.268,102.194,82.6857
2021-08-27,156.343,46.5982,69.5608,180.225,132.119,102.908,83.7771
2021-08-30,158.014,46.0504,69.8704,181.589,132.873,102.789,83.6902
2021-08-31,157.179,45.7384,70.0263,182.027,132.695,102.502,83.4462
2021-09-01,157.218,45.0664,70.3941,182.017,132.734,102.115,83.2318
2021-09-02,157.05,46.2109,70.6662,182.007,134.162,103.195,83.7671
2021-09-03,157.676,45.9468,70.5785,181.897,134.311,102.58,83.2122
2021-09-07,157.716,45.6719,69.7649,182.435,133.528,100.797,82.666
2021-09-08,157.109,45.086,70.3655,182.645,133.468,100.936,81.877
2021-09-09,156.532,45.1808,69.9582,182.405,131.921,100.441,81.9056
2021-09-10,154.98,45.1613,69.6584,181.28,130.721,99.9947,81.8859
2021-09-13,155.03,46.4574,69.8329,181.729,129.907,100.252,81.8671
2021-09-14,154.831,45.7853,69.5134,181.121,129.887,99.0632,80.9704
2021-09-15,156.194,47.4972,69.7649,182.296,130.731,100.133,81.8276
2021-09-16,156.283,46.9582,69.5322,183.133,130.403,99.4694,80.9408
2021-09-17,153.836,46.608,69.1544,182.485,130.533,98.4003,79.2748
2021-09-20,151.041,45.1828,68.4622,178.304,129.173,97.2668,77.7461
2021-09-21,151.099,45.2875,68.3833,178.572,129.372,96.7555,77.5604
2021-09-22,153.169,46.6843,68.5786,181.012,129.58,97.5235,78.3633
2021-09-23,155.219,48.3199,68.832,182.853,130.523,99.0235,79.4793
2021-09-24,155.328,48.6838,68.8616,183.541,129.987,99.2316,79.3617
2021-09-27,153.816,50.4141,68.549,184.506,128.132,99.3307,79.9789
2021-09-28,149.259,50.5863,67.7403,180.962,125.94,98.1724,78.9904
2021-09-29,149.07,50.5863,68.3547,181.141,126.932,98.2814,78.6675
2021-09-30,148.005,49.8214,67.126,178.114,125.375,96.2641,77.4429
2021-10-01,150.235,51.4951,67.3015,179.458,125.404,97.5819,78.6773
2021-10-04,146.752,52.3364,67.0866,178.034,123.501,97.0507,78.3336
2021-10-05,148.841,52.6425,67.4287,178.752,124.244,98.1328,79.0289
2021-10-06,149.817,52.0889,68.0815,179.319,124.016,98.5678,78.8827
2021-10-07,151.189,52.4899,68.3833,182.117,125.652,99.3406,79.9098
2021-10-08,150.623,54.1069,68.3064,181.28,125.018,99.3307,79.4703
2021-10-11,149.787,53.9054,68.2867,180.544,124.056,98.5281,79.4793
2021-10-12,149.011,53.9532,68.3153,181.977,123.451,98.2022,79.5869
2021-10-13,149.925,53.9054,68.4425,182.873,123.649,98.4102,80.1844
2021-10-14,153.309,54.5646,69.2127,184.775,125.414,100.262,82.1328
2021-10-15,154.532,54.8336,69.047,187.612,126.04,101.233,82.3777
2021-10-18,155.846,54.8708,68.6377,189.912,125.176,101.302,82.3184
2021-10-19,157.388,55.493,68.6663,189.374,126.832,101.906,82.749
2021-10-20,156.95,55.9429,69.0667,189.235,128.638,102.541,83.4146
2021-10-21,157.557,54.91,68.978,192.003,129.164,102.749,83.1993
2021-10-22,157.01,55.4264,69.5154,191.316,129.679,103.106,83.0423
2021-10-25,157.527,56.2393,69.4661,196.075,129.838,103.343,83.8748
2021-10-26,157.974,56.565,69.7096,196.105,130.483,102.71,84.1098
2021-10-27,157.836,54.9383,69.3004,196.543,129.441,101.51,82.906
2021-10-28,159.418,55.3306,69.544,199.142,130.533,102.779,83.7286
2021-10-29,160.104,54.9666,69.4759,199.659,131.801,102.808,83.3267
2021-11-01,159.866,55.9136,69.5835,203.333,131.643,103.086,83.5222
2021-11-02,161.278,55.3873,70.0519,201.959,132.467,103.433,84.4722
2021-11-03,162.213,54.9295,70.7047,205.584,133.25,103.205,85.3531
2021-11-04,164.75,55.0058,70.7727,208.361,132.327,103.621,85.3047
2021-11-05,165.606,55.7229,71.182,209.705,130.849,104.681,85.9694
2021-11-08,166.501,56.2295,70.6169,206.728,131.633,105.107,87.0468
2021-11-09,165.815,56.4594,70.8605,202.915,131.147,105.375,87.4487
2021-11-10,163.079,54.9666,71.0755,202.159,131.525,104.781,86.8513
2021-11-11,163.835,55.1769,71.0262,201.611,131.137,104.355,87.5454
2021-11-12,165.835,55.044,71.0262,202.287,131.792,105.177,88.2021
2021-11-15,165.665,55.5028,71.3684,202.119,130.969,105.375,87.8002
2021-11-16,167.407,55.5888,70.9197,205.294,131.525,105.395,87.5554
2021-11-17,166.909,54.7377,70.7629,206.608,131.713,104.771,86.9777
2021-11-18,168.571,54.413,70.5104,208.958,131.763,104.553,86.6064
2021-11-19,169.795,52.2894,70.256,209.865,130.959,104.027,86.4493
2021-11-22,167.905,53.2177,70.8112,209.337,130.373,104.315,86.5866
2021-11-23,167.516,54.8532,71.2796,207.813,130.513,104.493,86.6755
2021-11-24,168.739,55.3873,71.0656,208.241,130.463,104.374,86.0583
2021-11-26,164.521,53.1589,70.1683,202.567,129.977,101.55,84.5789
2021-11-29,168.641,53.4652,70.3438,205.702,130.334,101.728,84.9709
2021-11-30,167.237,52.2121,68.5391,202.935,127.765,99.1524,82.8665
2021-12-01,164.939,51.6584,68.2088,199.261,127.547,97.7692,82.0242
2021-12-02,166.461,53.1589,68.9306,202.109,128.162,100.668,83.699
2021-12-03,163.676,52.7384,69.7885,198.166,128.4,100.549,83.5134
2021-12-06,165.228,53.5238,71.0164,200.436,129.134,102.254,84.7369
2021-12-07,170.999,54.7759,71.1731,205.106,130.791,103.294,86.0286
2021-12-08,171.784,54.7661,70.9493,205.623,131.782,103.551,86.3911
2021-12-09,169.923,54.3455,71.1435,202.069,132.079,103.225,85.9101
2021-12-10,173.336,54.7475,72.3426,203.472,132.545,103.651,86.4394
2021-12-13,170.759,53.2275,73.2884,198.226,133.805,102.58,85.9199
2021-12-14,167.953,53.0064,73.3377,197.08,133.26,101.61,85.833
2021-12-15,172.411,52.7481,74.0783,199.58,135.988,102.492,86.0187
2021-12-16,167.516,53.0827,74.6049,195.179,136.8,102.541,86.8996
2021-12-17,166.402,52.0017,73.3278,193.845,135.838,100.787,85.8133
2021-12-20,164.422,51.363,73.3475,190.709,135.016,99.1722,84.2787
2021-12-21,168.581,52.8254,73.249,195.657,135.58,101.144,85.3413
2021-12-22,170.789,53.1649,73.7105,199.221,137.158,101.432,86.0197
2021-12-23,171.745,53.1942,73.8771,201.989,137.723,102.63,86.8858
2021-12-27,175.426,54.3563,74.6631,203.95,139.181,103.71,88.1943
2021-12-28,174.51,54.3181,75.0851,204.04,138.814,104.235,88.7058
2021-12-29,174.66,53.9689,75.4283,204.448,139.607,104.423,89.0702
2021-12-30,173.506,53.6393,75.1926,203.711,139.895,104.047,88.7552
2021-12-31,172.66,53.7752,75.7034,203.233,139.3,104.493,89.1483
2022-01-03,174.302,55.442,75.6936,209.068,137.862,103.631,87.9878
2022-01-04,172.461,57.3603,76.2045,207.793,136.046,105.722,89.0702
2022-01-05,167.158,57.3505,76.1354,202.188,135.074,104.711,89.0604
2022-01-06,166.312,58.63,75.9293,201.661,133.518,105.196,87.9385
2022-01-07,164.78,59.4341,76.0081,198.295,132.833,105.167,87.8595
2022-01-10,164.81,59.2502,75.4086,197.08,134.192,103.977,86.9638
2022-01-11,166.789,61.2652,75.3208,198.982,135.264,104.602,87.9187
2022-01-12,167.565,61.3817,75.3504,200.297,134.876,104.939,88.8046
2022-01-13,163.228,61.0716,75.4875,196.274,132.784,105.167,88.1153
2022-01-14,164.611,62.5056,75.6245,195.358,132.555,104.533,87.3678
2022-01-18,160.661,62.757,74.5349,191.655,130.701,103.324,86.2163
2022-01-19,158.412,62.3022,75.0063,188.2,130.165,102.174,86.0
2022-01-20,156.373,61.7299,74.5151,184.765,129.312,100.866,84.7508
2022-01-21,153.259,60.5091,74.5744,179.348,128.003,99.9449,82.6848
2022-01-24,154.055,60.9161,74.3288,181.509,127.576,100.51,82.7332
2022-01-25,150.493,63.2804,73.5044,178.433,126.764,99.5289,81.9856
2022-01-26,151.369,63.1737,72.9452,177.577,126.099,98.657,81.1304
2022-01-27,150.333,63.8624,73.4353,173.265,126.426,97.778,81.405
2022-01-28,156.9,63.5905,74.2992,177.049,129.005,98.4587,81.878
2022-01-31,160.85,63.8712,74.5842,183.859,129.749,99.4892,83.0877
2022-02-01,161.268,66.1484,74.5151,184.964,130.096,100.857,84.3665
2022-02-02,162.571,66.3616,75.4086,183.869,131.841,101.56,84.6322
2022-02-03,157.856,65.7317,75.4283,178.234,131.277,99.9449,83.1569
2022-02-04,158.492,66.7588,74.5053,183.311,130.8,98.865,81.7793
2022-02-07,157.438,67.6118,74.6434,182.933,130.582,98.9443,81.3763
2022-02-08,159.388,66.1582,74.9284,185.502,131.643,99.935,82.6354
2022-02-09,162.92,66.7109,74.9471,187.96,132.665,101.302,84.4357
2022-02-10,158.662,66.2941,74.1424,184.715,130.591,99.6474,83.9439
2022-02-11,153.816,68.2222,73.8771,179.408,128.777,98.1238,82.6453
2022-02-14,153.766,66.614,73.671,180.434,127.468,97.7582,81.9659
2022-02-15,157.806,65.9156,73.7992,184.467,128.896,99.2316,83.4719
2022-02-16,157.646,66.4488,73.9363,184.994,129.094,99.7568,84.0811
2022-02-17,152.931,66.3421,74.5053,180.046,127.022,97.9257,82.6453
2022-02-18,151.379,65.9352,74.6434,178.93,126.069,97.1162,82.507
2022-02-22,149.985,64.8699,74.0635,173.713,125.752,96.1779,81.3368
2022-02-23,146.225,65.538,73.465,167.909,125.117,94.4102,80.294
2022-02-24,151.229,65.0245,72.1987,171.742,125.623,95.6151,80.0579
2022-02-25,153.279,66.7393,74.5251,175.147,129.471,97.8959,82.9801
2022-02-28,153.0,68.3865,73.5339,176.382,128.489,98.647,82.035
2022-03-01,149.945,69.0752,73.102,173.703,127.775,97.1756,80.1458
2022-03-02,153.189,70.654,73.8771,177.358,129.709,99.2514,81.9076
2022-03-03,151.359,70.8477,74.4767,173.335,130.373,99.3605,82.0054
2022-03-04,148.712,72.8921,74.4865,170.588,131.019,99.1424,81.72
2022-03-07,143.27,73.9681,73.1316,162.224,128.737,96.484,78.8867
2022-03-08,142.574,75.1301,71.1583,162.563,126.108,95.8916,78.4838
2022-03-09,148.215,72.8344,71.6386,167.79,128.489,97.6294,80.9132
2022-03-10,145.628,75.0627,70.9611,168.984,128.44,97.5017,81.1304
2022-03-11,143.06,74.4621,70.1367,165.729,127.488,96.7208,80.53
2022-03-14,140.414,72.2338,70.5104,162.971,128.38,97.0469,80.4115
2022-03-15,145.13,69.5888,72.0903,168.427,130.939,98.5876,81.3368
2022-03-16,149.847,69.2689,72.1692,174.171,132.516,99.8952,82.6156
2022-03-17,150.911,71.6518,72.6701,177.079,134.608,101.174,84.1997
2022-03-18,153.995,71.5842,72.8367,180.802,135.442,101.56,84.7112
2022-03-21,153.707,74.4699,72.9255,179.29,135.342,101.788,85.4124
2022-03-22,155.915,73.9221,73.4678,183.739,135.372,102.342,85.8765
2022-03-23,153.517,75.1938,72.8762,181.46,132.943,101.362,85.4815
2022-03-24,157.507,75.3796,73.389,182.873,134.53,102.134,87.1998
2022-03-25,157.418,77.0328,74.0004,182.555,135.154,102.769,88.1775
2022-03-28,159.288,75.1253,74.3061,187.424,136.136,102.798,87.7825
2022-03-29,162.671,74.9296,74.9668,190.689,136.94,103.749,88.5231
2022-03-30,160.502,75.8002,75.0161,187.792,137.207,103.631,88.2269
2022-03-31,158.124,74.7732,74.8386,184.187,135.868,102.036,87.0517
2022-04-01,157.656,75.3796,75.5881,184.417,136.94,101.243,87.9701
2022-04-04,160.651,75.4774,75.3514,188.558,135.798,101.114,87.9898
2022-04-05,157.268,74.2938,75.4205,184.137,136.086,99.6772,87.2887
2022-04-06,153.547,74.734,76.3771,179.438,138.159,98.9047,86.2814
2022-04-07,153.786,75.7122,77.3039,180.354,140.817,99.2415,86.8443
2022-04-08,151.637,77.7957,77.6294,178.692,141.661,98.6866,87.3776
2022-04-11,147.817,75.4579,77.3139,175.377,138.844,98.3696,86.9431
2022-04-12,147.16,76.7099,77.3335,175.765,137.495,98.211,86.9628
2022-04-13,149.527,77.8545,77.7674,180.136,138.169,99.1326,88.2466
2022-04-14,145.896,78.1088,77.7478,177.616,137.505,99.0235,87.9504
2022-04-18,146.374,79.2533,77.1067,178.154,135.988,98.6768,88.0294
2022-04-19,149.12,78.6077,78.2803,183.321,137.286,100.47,88.8589
2022-04-20,148.981,78.9109,79.4538,180.962,139.131,101.015,89.4218
2022-04-21,146.453,76.4068,79.3847,179.21,137.594,99.9847,87.9602
2022-04-22,142.354,74.5383,78.1422,175.047,132.575,97.5273,84.6717
2022-04-25,144.494,72.0733,78.4874,176.312,133.468,97.5273,84.4347
2022-04-26,139.111,72.1712,77.2744,167.392,131.117,95.3971,83.1311
2022-04-27,141.17,73.2276,77.5604,167.411,130.829,95.7538,84.3557
2022-04-28,146.822,75.4481,78.7043,170.846,132.635,96.8338,85.6888
2022-04-29,140.702,73.5113,76.5643,162.164,129.223,94.2675,83.9706
2022-05-02,142.842,74.6851,75.5585,164.535,128.42,94.4657,83.7138
2022-05-03,143.09,76.7785,75.3416,164.126,128.826,95.0899,84.652
2022-05-04,148.115,79.9674,77.0378,168.945,131.683,97.8444,87.3974
2022-05-05,140.992,78.7641,75.5782,159.476,129.124,95.2881,84.6915
2022-05-06,139.857,81.1118,75.6571,157.455,128.717,94.6441,83.4768
2022-05-09,134.445,74.4014,75.6275,150.745,125.385,92.3553,80.8401
2022-05-10,136.494,75.0763,75.1049,150.297,125.831,91.7508,80.3364
2022-05-11,132.187,76.0839,74.7794,144.911,124.998,90.9185,80.3759
2022-05-12,130.823,76.4068,74.7598,145.907,126.208,91.087,80.2278
2022-05-13,135.171,79.0186,75.884,151.651,127.547,92.2462,81.4623
2022-05-16,133.977,81.102,76.2291,148.375,128.489,92.1174,81.3141
2022-05-17,137.857,82.0411,75.7064,152.118,130.255,94.2081,83.6151
2022-05-18,131.549,79.938,70.8348,142.173,126.892,90.7006,81.0179
2022-05-19,130.107,79.6446,69.5726,142.272,127.17,89.888,81.5906
2022-05-20,130.395,79.9869,69.7206,139.793,128.717,88.917,81.393
2022-05-23,133.391,82.0998,71.1603,140.839,129.848,90.3736,82.8843
2022-05-24,131.41,82.4129,72.324,137.215,130.235,90.324,82.4103
2022-05-25,132.943,84.1149,72.3436,141.088,130.195,90.8492,82.7756
2022-05-26,136.136,85.0441,73.1128,148.007,130.751,92.6922,84.2964
2022-05-27,140.742,86.5995,73.9609,153.084,132.923,94.5945,86.2716
2022-05-31,139.738,85.2986,73.4383,153.861,131.147,93.8315,84.9581
2022-06-01,139.32,86.6875,72.4817,152.258,129.263,93.2569,84.1088
2022-06-02,142.692,86.4136,73.5369,156.917,130.285,95.0404,86.4296
2022-06-03,139.28,87.5581,72.7973,152.328,128.757,94.6738,85.5901
2022-06-06,139.29,87.4603,72.8269,153.851,128.777,95.0701,86.3999
2022-06-07,140.952,90.0721,73.2115,153.473,130.453,96.3482,87.0221
2022-06-08,139.36,90.2677,72.3141,152.567,129.421,94.6044,85.2148
2022-06-09,135.639,88.2722,71.2294,149.809,126.496,92.7417,83.2003
2022-06-10,130.425,86.7756,70.9237,143.836,124.462,90.007,80.6524
2022-06-13,124.644,82.2466,69.3951,137.195,120.693,87.3021,77.5022
2022-06-14,125.43,82.4031,68.5766,137.085,119.543,87.084,76.9097
2022-06-15,128.077,80.5836,68.6456,140.938,120.753,87.9262,76.8899
2022-06-16,122.864,76.0448,68.1229,134.038,118.978,84.9933,74.1149
2022-06-17,123.988,71.8875,67.8764,135.502,118.908,84.7754,73.9865
2022-06-21,127.143,75.6117,69.6877,139.378,122.109,86.3219,75.1052
2022-06-22,126.604,72.5848,69.638,139.109,123.803,85.8442,74.1407
2022-06-23,128.5,69.8943,70.9892,141.294,126.581,85.4063,73.1264
2022-06-24,133.118,70.8142,72.3802,146.683,128.683,88.3919,76.03
2022-06-27,132.22,72.8915,72.1815,145.146,129.161,88.1829,75.4035
2022-06-28,128.26,74.8599,71.2177,139.348,126.91,87.1579,74.5981
2022-06-29,128.52,72.2584,71.6648,139.238,128.016,86.6503,74.0611
2022-06-30,126.804,70.7351,71.7145,137.193,127.727,86.919,73.1861
2022-07-01,127.093,71.7935,72.7478,139.717,129.161,87.6754,73.7031
2022-07-05,128.689,68.9447,72.2808,142.841,128.414,86.3617,72.2215
2022-07-06,129.796,67.7676,72.4895,142.372,129.281,86.8593,72.6789
2022-07-07,132.48,70.2108,72.559,146.044,129.828,87.8843,73.3253
2022-07-08,132.54,70.1812,72.4299,146.064,130.217,87.4863,72.6093
2022-07-11,130.714,69.5085,72.3305,142.063,129.888,86.8991,72.4104
2022-07-12,128.929,68.1534,72.1219,141.204,128.235,86.6304,72.2712
2022-07-13,128.59,68.0446,72.1716,142.362,126.99,85.5755,71.8536
2022-07-14,129.767,66.7587,72.2312,142.242,126.621,85.0879,70.5311
2022-07-15,132.051,67.8467,72.4696,144.537,129.679,86.4214,71.6348
2022-07-18,130.774,69.3997,71.7642,144.956,126.94,85.9039,71.8039
2022-07-19,134.764,71.5363,72.5193,149.397,129.101,88.9691,73.9915
2022-07-20,136.869,72.2287,72.0325,151.852,127.826,89.6558,74.1208
2022-07-21,138.794,70.9626,72.251,155.325,129.848,90.3026,75.1748
2022-07-22,136.879,70.379,72.7279,154.427,129.31,90.014,74.6379
2022-07-25,136.011,72.9607,73.0856,153.099,129.988,90.442,74.9461
2022-07-26,133.806,72.298,72.9167,148.17,130.655,89.9543,74.439
2022-07-27,139.562,73.9301,73.4135,153.778,131.472,91.3476,75.3339
2022-07-28,141.687,74.3455,74.5859,156.422,132.308,93.2583,76.6664
2022-07-29,143.861,77.5702,74.0096,162.49,131.87,95.179,77.6906
2022-08-01,143.552,75.9678,74.9336,163.298,130.894,95.2785,77.0641
2022-08-02,142.535,75.7897,74.3375,162.18,130.426,94.2734,76.2786
2022-08-03,146.325,73.6136,74.8243,166.132,131.621,95.1591,76.3581
2022-08-04,146.994,70.8835,74.3276,166.811,130.974,95.5074,76.4078
2022-08-05,146.654,72.2881,74.1587,163.967,130.924,95.6567,76.6763
2022-08-08,145.408,72.664,74.1189,164.705,131.233,95.6268,77.1039
2022-08-09,143.951,73.94,74.0096,162.081,130.834,95.2785,76.726
2022-08-10,147.881,74.4741,74.5561,166.651,132.259,97.3684,78.9037
2022-08-11,147.303,77.0361,74.3772,165.803,131.402,97.8859,79.1722
2022-08-12,150.236,77.6197,75.023,169.555,133.085,99.3588,80.6638
2022-08-15,151.183,76.1063,75.7682,170.723,133.753,99.5976,80.6141
2022-08-16,150.774,75.9282,76.6227,172.609,133.394,100.045,81.0615
2022-08-17,149.697,76.5613,76.4041,170.752,132.617,99.2493,79.9478
2022-08-18,150.475,78.6187,76.6624,170.703,132.03,99.6474,80.1964
2022-08-19,147.742,78.5989,76.414,167.18,132.388,98.3636,78.7247
2022-08-22,143.622,78.4506,75.639,162.54,130.655,96.4926,77.4718
2022-08-23,143.243,81.2796,75.3112,162.999,128.832,96.6718,78.2375
2022-08-24,143.333,82.2786,75.4999,163.697,128.992,96.9902,78.4065
2022-08-25,145.757,82.9117,75.8477,165.653,130.416,98.4731,80.1865
2022-08-26,139.532,81.9423,73.9699,159.346,126.781,95.0596,77.7304
2022-08-29,137.687,83.1788,73.8507,158.498,125.894,94.6317,77.1835
2022-08-30,136.25,80.3597,73.0856,156.732,125.058,93.2683,75.9206
2022-08-31,134.924,79.6277,72.6385,155.185,124.261,92.4821,74.9859
2022-09-01,134.265,77.6691,73.0459,156.602,126.303,92.6114,74.0015
2022-09-02,132.52,79.0935,72.0921,155.165,124.49,91.7158,73.9318
2022-09-06,131.642,78.3615,71.6847,154.846,124.609,91.8651,73.7031
2022-09-07,133.747,77.4515,72.9763,159.596,126.641,93.3379,75.7416
2022-09-08,134.206,77.7878,72.7876,161.083,128.842,93.6166,76.4774
2022-09-09,136.859,79.7266,73.5029,164.136,129.978,94.8307,77.6309
2022-09-12,139.053,81.1906,73.791,166.252,130.844,95.3979,78.3568
2022-09-13,131.672,79.143,71.327,157.68,126.522,91.8053,75.5626
2022-09-14,132.151,81.3785,71.2972,159.706,126.591,91.6262,74.6379
2022-09-15,129.108,79.2815,70.7011,158.887,127.299,90.6708,73.6534
2022-09-16,128.39,77.59,70.87,157.61,126.94,88.78,72.49
2022-09-19,129.44,77.64,71.34,159.84,126.26,89.99,73.69
2022-09-20,128.68,77.1,70.95,157.13,124.78,88.87,72.29
2022-09-21,126.67,75.97,70.68,153.41,122.71,87.69,70.71
2022-09-22,125.38,75.7,70.58,149.87,123.36,86.37,69.86
2022-09-23,123.74,70.48,69.38,146.42,122.73,84.75,68.43
2022-09-26,122.88,68.75,69.43,146.09,121.56,83.86,67.32
2022-09-27,123.04,69.52,68.23,146.55,121.19,83.58,67.47
2022-09-28,124.34,72.6,69.05,150.51,123.84,85.42,69.21
2022-09-29,121.1,72.6,67.91,145.31,122.8,83.94,68.19
2022-09-30,118.78,72.02,66.73,142.45,121.11,82.84,68.01
2022-10-03,122.46,76.09,67.88,142.59,123.6,85.34,70.22
2022-10-04,126.57,79.36,68.91,147.57,126.47,88.31,72.8
2022-10-05,126.99,81.0,68.51,146.7,126.89,87.83,71.98
2022-10-06,125.95,82.44,67.51,145.66,125.27,86.82,71.22
2022-10-07,120.77,81.8,66.5,140.65,122.62,85.16,69.46
2022-10-10,118.74,80.12,66.74,139.78,121.85,85.46,69.61
2022-10-11,116.92,79.48,67.29,138.64,122.5,85.44,69.07
2022-10-12,116.56,80.12,67.65,139.0,121.9,84.77,68.55
2022-10-13,120.18,83.39,68.77,140.52,124.74,86.64,70.56
2022-10-14,116.8,80.28,67.53,135.27,123.9,84.74,68.18
2022-10-17,120.36,81.28,68.26,140.76,125.89,86.59,69.88
2022-10-18,121.38,81.99,69.15,142.7,126.59,88.68,71.25
2022-10-19,121.03,84.41,68.83,141.1,124.82,88.05,70.41
2022-10-20,121.1,84.49,67.87,138.37,123.76,86.32,69.9
2022-10-21,124.34,86.93,68.91,142.4,126.54,88.69,72.32
2022-10-24,126.06,87.34,70.15,142.99,128.98,89.87,71.9
2022-10-25,128.47,87.43,71.07,146.57,129.96,91.08,73.68
2022-10-26,125.61,88.62,71.54,145.39,131.4,91.4,74.2
2022-10-27,124.18,88.94,71.6,144.83,130.71,92.47,74.01
2022-10-28,129.58,89.25,73.17,144.96,132.86,94.62,74.75
2022-10-31,127.87,90.0,72.74,144.03,132.75,94.35,74.08
2022-11-01,126.8,90.87,72.51,142.57,132.83,94.26,74.27
2022-11-02,122.42,88.68,71.25,137.18,130.57,92.6,72.34
2022-11-03,118.82,90.32,71.01,136.36,130.02,93.57,72.89
2022-11-04,120.99,91.42,71.85,137.5,130.81,95.07,75.42
2022-11-07,123.01,92.99,72.49,136.54,132.21,96.09,76.01
2022-11-08,124.19,93.08,72.7,136.2,132.87,96.93,77.32
2022-11-09,120.96,88.53,71.91,132.04,131.44,95.58,76.07
2022-11-10,130.9,90.5,73.6,141.69,134.78,99.59,80.28
2022-11-11,133.14,93.13,73.52,145.09,133.13,99.53,81.25
2022-11-14,132.0,93.1,72.94,142.79,133.25,98.92,81.14
2022-11-15,133.6,94.08,73.55,144.74,133.08,99.6,81.02
2022-11-16,131.77,92.16,73.91,142.53,133.02,98.88,80.23
2022-11-17,131.94,92.36,73.89,140.8,132.96,98.71,79.46
2022-11-18,132.09,91.63,74.68,140.99,134.57,99.44,79.99
2022-11-21,130.67,90.39,75.39,138.95,134.63,99.76,80.26
2022-11-22,133.2,93.22,75.94,140.52,135.8,100.53,82.08
2022-11-23,134.38,92.21,76.2,142.55,136.34,100.91,82.4
2022-11-25,133.6,91.87,76.25,142.63,137.15,101.3,82.37
2022-11-28,130.74,89.35,75.96,141.75,136.12,99.46,80.53
2022-11-29,129.46,90.7,75.67,141.3,135.78,100.07,80.8
2022-11-30,135.96,91.15,77.19,146.17,139.02,101.72,82.75
2022-12-01,136.15,90.85,76.84,146.15,139.42,101.75,82.85
2022-12-02,135.36,90.31,77.19,145.96,139.78,102.33,83.76
2022-12-05,133.11,87.63,76.22,141.75,138.44,100.62,82.1
2022-12-06,130.26,85.32,75.75,139.54,137.39,99.43,81.37
2022-12-07,129.6,85.12,76.07,138.7,138.52,99.3,81.19
2022-12-08,131.72,84.74,76.48,140.04,139.77,99.89,81.79
2022-12-09,130.91,82.68,75.89,139.43,137.98,99.07,80.98
2022-12-12,133.77,84.85,76.69,139.78,139.45,100.77,81.68
2022-12-13,135.35,86.46,76.58,139.78,139.88,101.15,82.81
2022-12-14,134.21,85.93,76.53,138.74,140.1,100.96,81.92
2022-12-15,129.19,85.41,75.23,136.46,137.53,98.52,79.42
2022-12-16,127.48,84.36,74.86,133.91,135.53,98.1,79.08
2022-12-19,125.42,83.49,74.28,131.4,134.47,97.12,77.55
2022-12-20,125.61,84.75,74.22,129.87,134.44,97.24,78.06
2022-12-21,127.69,86.36,74.96,131.94,136.21,99.07,78.74
2022-12-22,124.47,84.37,74.79,128.55,136.02,97.81,77.98
2022-12-23,124.6,87.06,75.18,129.43,136.1,98.39,78.52
2022-12-27,123.42,87.99,75.54,127.33,135.75,98.69,78.59
2022-12-28,121.43,86.02,74.6,126.26,134.87,97.4,77.39
2022-12-29,124.61,86.92,74.92,129.51,136.34,98.6,78.23
2022-12-30,124.44,87.47,74.55,129.16,135.85,98.21,77.68
2023-01-03,123.26,84.4,74.27,128.39,135.46,98.42,77.6
2023-01-04,123.58,84.39,74.56,130.25,135.82,99.29,78.95
2023-01-05,121.18,85.93,73.81,129.04,134.43,98.22,77.7
2023-01-06,124.73,87.56,75.78,132.07,135.67,100.91,80.37
2023-01-09,126.18,87.25,75.04,132.87,133.4,100.46,80.88
2023-01-10,126.96,87.87,74.94,134.54,134.52,101.01,81.69
2023-01-11,129.16,88.14,74.98,138.17,135.28,101.98,82.97
2023-01-12,130.12,89.82,74.39,138.4,134.85,102.58,83.28
2023-01-13,130.49,89.95,74.74,139.7,135.45,102.46,83.79
2023-01-17,131.08,90.14,74.79,139.8,134.82,101.59,82.95
2023-01-18,129.39,88.49,72.75,137.98,132.92,99.68,81.78
2023-01-19,127.88,89.59,72.06,135.69,133.24,97.63,81.15
2023-01-20,131.34,90.48,72.62,138.98,133.91,98.99,82.78
2023-01-23,134.33,90.6,72.85,141.15,134.37,100.07,83.05
2023-01-24,134.27,90.25,73.15,140.99,133.48,100.73,83.1
2023-01-25,133.99,90.26,73.33,141.71,133.52,100.17,83.27
2023-01-26,136.13,93.11,73.07,144.61,133.77,100.72,83.67
2023-01-27,136.7,91.23,72.86,147.89,132.86,101.14,83.4
2023-01-30,134.09,89.14,72.95,145.37,131.66,100.15,82.83
2023-01-31,135.96,89.93,73.74,148.7,133.36,101.85,84.65
2023-02-01,139.16,88.16,74.33,151.52,133.99,102.59,85.21
2023-02-02,142.96,86.15,73.69,156.16,133.08,103.39,84.94
2023-02-03,141.77,85.96,73.4,151.35,132.69,102.85,83.41
2023-02-06,140.04,85.57,73.49,151.13,131.95,102.6,82.49
2023-02-07,143.54,88.35,73.18,151.48,132.8,102.92,83.6
2023-02-08,141.81,87.56,72.62,150.19,132.41,102.34,82.93
2023-02-09,141.03,86.81,72.3,149.91,131.25,101.42,81.73
2023-02-10,140.38,90.21,72.97,148.15,132.49,102.14,82.03
2023-02-13,142.81,89.98,73.8,150.32,133.59,103.07,82.46
2023-02-14,143.42,90.01,73.13,152.12,132.8,102.79,82.65
2023-02-15,144.09,88.48,73.27,153.9,132.14,103.43,83.01
2023-02-16,141.59,87.61,72.74,150.54,130.82,102.36,82.07
2023-02-17,139.82,84.49,73.68,150.57,131.99,103.03,81.3
2023-02-21,136.5,84.07,73.4,145.54,130.28,100.67,79.96
2023-02-22,136.3,83.51,73.29,146.28,129.84,100.42,80.56
2023-02-23,138.56,84.77,73.2,146.16,130.19,100.89,80.65
2023-02-24,136.09,84.66,72.71,143.86,128.51,100.31,81.19
2023-02-27,136.82,84.91,72.63,145.64,128.12,101.2,81.46
2023-02-28,136.52,83.69,72.03,145.54,127.17,100.97,81.83
2023-03-01,135.52,85.34,71.5,143.71,126.96,101.37,82.47
2023-03-02,137.19,86.09,72.48,143.23,127.74,102.56,83.41
2023-03-03,140.14,87.26,72.54,146.31,129.17,103.67,84.6
2023-03-06,140.81,87.3,72.73,145.24,129.11,103.48,83.23
2023-03-07,139.06,85.78,72.01,143.26,127.03,102.15,81.59
2023-03-08,140.21,84.9,72.13,143.0,126.35,102.39,81.99
2023-03-09,138.2,83.7,71.46,139.59,125.07,100.88,79.88
2023-03-10,135.77,82.63,71.11,138.2,124.15,99.0,78.18
2023-03-13,136.51,80.95,71.47,138.49,125.31,98.44,77.38
2023-03-14,139.66,81.75,72.12,140.84,126.43,99.48,78.37
2023-03-15,139.74,77.36,72.59,140.63,126.32,97.03,75.83
2023-03-16,143.66,78.2,72.64,143.17,127.5,98.28,76.7
2023-03-17,143.46,76.97,72.11,141.34,125.86,96.67,75.51
2023-03-20,143.53,77.7,72.76,141.52,126.96,97.55,76.73
2023-03-21,144.69,80.39,72.7,145.43,127.73,98.68,77.66
2023-03-22,143.25,78.68,72.03,142.19,125.8,96.79,76.28
2023-03-23,145.58,77.59,71.75,142.04,125.56,96.51,76.19
2023-03-24,145.96,77.89,72.97,141.58,127.3,96.91,76.81
2023-03-27,144.83,79.55,73.36,141.87,127.82,97.72,77.38
2023-03-28,144.15,80.78,73.49,141.7,127.05,98.22,77.75
2023-03-29,147.17,81.9,73.9,144.39,127.4,99.65,78.83
2023-03-30,148.88,82.26,74.11,145.65,128.09,99.86,79.37
2023-03-31,151.01,82.83,74.71,149.54,129.46,101.18,80.66
2023-04-03,150.77,86.58,75.1,148.17,130.91,101.36,81.17
2023-04-04,149.94,85.01,74.95,147.93,130.93,99.09,80.0
2023-04-05,148.23,86.29,75.3,144.9,133.19,97.8,79.82
2023-04-06,149.07,84.98,75.36,144.93,133.52,97.77,79.63
2023-04-10,148.99,85.66,75.36,145.57,133.43,98.66,80.01
2023-04-11,147.59,86.47,75.58,145.8,133.88,99.25,80.63
2023-04-12,146.75,86.53,75.24,143.54,133.92,99.58,80.69
2023-04-13,149.48,87.07,75.66,146.71,135.66,99.95,81.52
2023-04-14,148.65,87.23,75.18,146.9,134.57,99.83,80.93
2023-04-17,149.19,86.2,75.66,147.94,134.46,100.62,81.4
2023-04-18,149.65,86.54,75.89,148.18,133.54,101.1,81.74
2023-04-19,149.22,86.24,75.84,148.04,133.95,101.02,81.51
2023-04-20,148.24,85.48,76.02,145.76,133.4,100.84,81.42
2023-04-21,147.76,84.98,76.57,147.37,134.3,100.61,80.7
2023-04-24,147.11,86.28,76.88,147.35,135.05,100.85,81.25
2023-04-25,143.97,84.66,76.78,144.43,133.61,98.99,79.49
2023-04-26,146.11,83.53,76.18,143.69,131.71,97.12,78.55
2023-04-27,149.21,83.83,77.03,147.48,132.4,99.04,79.62
2023-04-28,150.83,85.13,77.44,147.86,133.53,100.0,80.55
2023-05-01,150.92,84.17,77.5,146.4,134.22,100.54,80.51
2023-05-02,149.51,80.51,77.29,146.55,133.64,99.49,79.73
2023-05-03,148.25,78.99,76.66,145.39,133.46,99.11,78.85
2023-05-04,147.54,78.11,76.47,144.27,132.4,98.03,78.34
2023-05-05,151.24,80.23,77.18,147.19,133.59,99.51,79.66
2023-05-08,151.16,80.23,76.95,147.69,133.3,99.15,79.4
2023-05-09,150.0,80.26,76.71,147.65,132.41,99.37,78.68
2023-05-10,151.83,79.35,76.59,148.4,132.78,99.01,78.73
2023-05-11,151.15,78.4,76.82,149.09,132.37,98.41,77.96
2023-05-12,150.95,78.52,77.12,147.83,132.19,98.48,78.1
2023-05-15,152.2,78.92,76.93,148.02,131.96,98.96,78.76
2023-05-16,152.36,76.98,76.28,147.42,130.86,97.62,77.46
2023-05-17,154.39,78.46,76.24,150.49,131.02,99.3,77.97
2023-05-18,157.55,79.03,75.87,152.83,130.7,100.02,78.43
2023-05-19,157.48,79.64,75.92,151.55,131.31,99.78,78.63
2023-05-22,157.78,79.31,74.77,151.08,131.44,99.76,78.22
2023-05-23,155.45,80.16,74.22,149.7,130.0,98.56,77.01
2023-05-24,154.31,80.51,73.74,149.15,129.11,97.29,76.13
2023-05-25,160.23,79.08,73.18,148.48,127.79,97.61,75.86
2023-05-26,164.78,78.77,73.43,151.97,127.53,98.34,76.24
2023-05-30,165.66,77.96,72.59,152.99,126.74,98.19,75.83
2023-05-31,164.28,76.59,72.67,151.61,127.83,96.85,75.02
2023-06-01,165.95,77.54,72.61,153.4,128.67,98.09,76.02
2023-06-02,166.9,79.9,73.61,157.0,130.32,100.94,78.57
2023-06-05,165.94,79.37,73.34,157.47,130.79,100.24,78.51
2023-06-06,165.9,80.01,72.97,159.11,129.7,100.87,79.01
2023-06-07,163.42,82.13,72.73,158.03,129.19,102.49,79.95
2023-06-08,165.19,81.78,73.23,160.37,130.02,102.67,79.66
2023-06-09,166.01,81.33,73.11,161.2,130.42,102.4,79.0
2023-06-12,169.62,80.55,73.09,163.97,130.89,103.13,79.36
2023-06-13,170.65,80.93,73.39,165.67,131.55,104.33,81.2
2023-06-14,172.41,80.1,73.84,165.55,130.2,104.05,80.86
2023-06-15,174.63,80.98,74.58,166.63,132.22,105.62,81.55
2023-06-16,173.19,80.86,74.67,166.38,132.21,105.45,81.75
2023-06-20,171.66,78.36,73.58,167.29,131.52,104.25,80.25
2023-06-21,169.12,78.98,73.84,165.28,131.54,104.83,80.51
2023-06-22,170.5,77.92,74.27,167.39,132.44,104.07,80.32
2023-06-23,168.65,77.36,73.78,165.45,132.0,103.28,79.67
2023-06-26,167.44,78.75,73.88,163.33,131.25,104.14,80.5
2023-06-27,170.74,78.93,74.1,166.84,130.95,105.39,81.64
2023-06-28,170.84,79.73,73.6,167.5,130.53,105.39,81.08
2023-06-29,171.14,80.65,73.53,167.68,131.38,106.41,82.1
2023-06-30,173.86,81.17,74.17,169.81,132.73,107.32,82.87
2023-07-03,173.49,81.36,74.75,171.86,131.64,107.34,83.18
2023-07-05,172.42,80.91,74.62,171.93,131.57,106.76,81.13
2023-07-06,171.96,79.09,74.43,169.16,130.52,105.96,80.54
2023-07-07,171.21,80.79,73.46,169.37,129.0,106.2,81.24
2023-07-10,171.66,81.42,73.44,169.89,130.02,107.71,81.22
2023-07-11,172.03,83.21,73.55,171.31,130.05,108.98,82.02
2023-07-12,173.98,83.98,73.72,172.85,129.7,108.79,83.1
2023-07-13,176.25,83.66,74.03,174.47,129.75,108.93,83.75
2023-07-14,175.99,81.45,74.28,174.92,131.7,108.61,83.26
2023-07-17,178.24,81.29,74.06,175.63,131.1,109.02,83.34
2023-07-18,180.26,82.11,73.98,176.35,132.07,109.63,83.99
2023-07-19,179.81,82.59,74.73,176.97,132.68,109.58,83.54
2023-07-20,176.22,83.56,75.37,170.94,134.88,110.07,83.74
2023-07-21,176.13,84.3,75.63,170.98,136.24,109.55,83.75
2023-07-24,176.44,85.66,75.92,172.1,135.94,109.8,84.01
2023-07-25,178.46,86.11,75.9,171.7,135.88,109.66,85.52
2023-07-26,176.06,86.14,75.99,171.66,135.79,110.43,85.23
2023-07-27,175.55,85.59,75.32,169.88,134.79,109.48,84.68
2023-07-28,177.94,85.85,76.1,172.76,135.19,110.16,85.27
2023-07-31,178.35,87.48,75.75,173.74,134.15,110.42,85.72
2023-08-01,178.65,87.07,75.34,171.77,133.45,110.75,85.34
2023-08-02,174.23,85.93,75.61,168.69,133.54,109.59,84.28
2023-08-03,173.52,86.8,75.4,169.09,132.87,108.9,83.76
2023-08-04,171.16,86.92,74.65,171.55,132.4,108.24,83.57
2023-08-07,171.64,87.02,75.26,173.31,133.93,109.57,84.12
2023-08-08,170.32,87.45,74.72,171.93,134.96,109.07,83.23
2023-08-09,168.12,88.55,74.83,169.89,134.92,109.01,82.89
2023-08-10,168.14,88.54,74.68,170.3,134.83,108.71,82.95
2023-08-11,166.9,89.9,74.8,169.72,135.67,108.89,82.72
2023-08-14,169.56,89.52,74.43,170.24,136.08,108.93,82.9
2023-08-15,167.89,87.66,73.63,167.92,135.58,107.54,81.55
2023-08-16,166.29,86.9,73.46,165.84,134.55,106.94,81.0
2023-08-17,164.71,87.94,72.75,163.03,133.48,106.04,80.84
2023-08-18,164.96,88.81,73.02,162.66,133.53,106.24,80.83
2023-08-21,168.11,88.25,72.53,164.53,133.67,106.11,80.84
2023-08-22,167.92,87.57,72.12,164.77,133.2,105.86,80.77
2023-08-23,170.95,87.35,72.6,166.09,133.6,106.95,80.9
2023-08-24,167.01,86.75,72.02,162.84,132.44,105.65,80.56
2023-08-25,168.71,87.59,72.42,164.66,133.41,106.54,80.8
2023-08-28,170.09,88.18,72.75,165.32,133.72,107.41,81.39
2023-08-29,173.5,88.42,73.01,169.45,134.92,108.23,82.74
2023-08-30,174.81,88.86,73.13,170.18,134.82,108.72,82.93
2023-08-31,175.66,88.92,72.76,170.71,133.21,108.23,82.89
2023-09-01,176.2,90.74,72.14,169.67,133.57,108.8,83.82
2023-09-05,176.83,91.22,71.52,169.79,132.19,106.97,82.27
2023-09-06,174.96,91.26,71.44,168.28,131.47,106.51,82.09
2023-09-07,172.43,91.17,71.61,168.75,132.06,106.16,81.72
2023-09-08,172.79,92.05,71.7,168.75,132.06,105.63,81.8
2023-09-11,173.69,90.84,72.32,173.29,132.97,105.66,82.15
2023-09-12,170.54,92.98,71.7,171.72,132.8,105.28,81.96
2023-09-13,170.97,92.28,71.92,173.08,132.82,104.58,81.48
2023-09-14,172.21,93.36,72.65,174.78,133.24,105.61,82.63
2023-09-15,168.9,92.01,72.05,171.79,132.19,105.0,81.71
2023-09-18,169.35,92.11,71.54,169.62,131.45,104.69,80.98
2023-09-19,169.26,91.25,71.37,168.77,131.56,104.25,80.91
2023-09-20,166.6,90.4,71.44,167.09,131.57,103.84,80.06
2023-09-21,164.06,89.16,70.52,162.53,130.42,102.14,78.45
2023-09-22,164.41,89.31,70.14,160.93,130.15,101.79,78.37
2023-09-25,164.94,90.43,69.89,161.92,130.86,102.3,78.99
2023-09-26,161.97,89.91,69.37,158.97,129.75,100.74,77.85
2023-09-27,162.22,92.15,68.8,158.36,129.1,101.49,77.84
2023-09-28,163.37,92.25,69.01,160.13,129.72,101.92,78.68
2023-09-29,163.93,90.39,68.81,160.98,128.74,101.38,78.55
2023-10-02,165.69,88.59,68.34,161.11,128.56,100.39,77.51
2023-10-03,162.88,88.53,67.85,157.19,127.42,99.69,77.3
2023-10-04,164.91,85.75,68.39,160.29,127.96,100.01,78.21
2023-10-05,165.13,85.22,67.04,159.49,128.66,99.42,77.26
2023-10-06,168.22,85.73,66.67,160.61,130.01,100.78,77.99
2023-10-09,169.09,88.59,66.73,160.78,130.46,102.36,78.09
2023-10-10,169.35,88.7,67.41,162.54,131.08,102.98,78.92
2023-10-11,170.92,87.56,66.95,163.12,130.5,103.6,79.11
2023-10-12,171.08,87.66,66.22,161.34,129.38,102.66,77.93
2023-10-13,168.63,89.59,66.8,158.97,130.19,101.75,77.64
2023-10-16,170.25,90.19,67.49,161.54,131.17,102.83,78.4
2023-10-17,169.46,91.13,67.78,161.92,130.99,103.15,79.17
2023-10-18,167.72,91.96,68.03,158.12,129.85,100.66,77.12
2023-10-19,166.76,91.8,67.53,154.08,128.57,99.73,76.22
2023-10-20,163.94,90.26,67.27,151.69,128.06,98.7,75.3
2023-10-23,164.13,88.8,67.14,151.87,127.26,98.24,74.46
2023-10-24,165.26,87.55,67.71,153.49,127.65,98.98,75.34
2023-10-25,163.31,87.39,67.94,150.39,126.51,97.71,74.46
2023-10-26,160.19,86.71,67.5,148.04,125.26,97.3,74.98
2023-10-27,161.12,84.63,66.58,149.59,123.14,96.44,74.95
2023-10-30,162.85,84.91,67.62,150.96,123.83,97.64,75.72
2023-10-31,164.01,85.19,67.86,152.1,124.54,98.36,76.06
2023-11-01,167.18,84.99,67.79,153.98,124.8,98.68,76.1
2023-11-02,170.01,87.56,68.67,158.0,126.78,100.71,77.57
2023-11-03,171.76,86.68,68.75,160.22,127.41,101.6,78.79
2023-11-06,172.89,85.7,68.86,160.42,128.26,101.33,78.4
2023-11-07,174.78,83.8,69.03,162.21,128.35,101.08,76.88
2023-11-08,175.77,82.75,68.76,161.78,128.17,101.31,77.12
2023-11-09,174.95,82.5,68.48,158.76,125.52,101.09,76.46
2023-11-10,179.52,83.41,68.96,161.4,126.27,102.55,77.36
2023-11-13,178.47,84.01,69.18,162.09,127.0,102.64,77.25
2023-11-14,182.04,84.76,69.89,167.55,127.86,104.7,79.53
2023-11-15,182.27,84.6,70.45,167.75,127.96,104.92,79.88
2023-11-16,183.18,82.95,69.58,166.03,128.51,104.94,80.12
2023-11-17,182.8,84.69,69.49,167.14,128.25,105.61,80.27
2023-11-20,185.45,84.81,69.44,168.0,129.03,105.93,80.41
2023-11-21,183.95,84.62,69.65,167.57,129.81,105.85,80.72
2023-11-22,184.77,84.58,70.15,168.08,130.43,106.08,80.77
2023-11-24,184.41,84.93,70.41,168.24,131.13,106.34,81.12
2023-11-27,184.4,84.63,70.21,168.51,130.31,105.74,81.02
2023-11-28,184.75,84.65,70.53,169.48,129.64,105.49,81.18
2023-11-29,184.89,84.02,69.96,169.02,129.68,105.89,81.6
2023-11-30,185.16,84.58,70.66,168.78,131.31,107.05,82.41
2023-12-01,185.58,85.02,70.95,171.09,131.83,108.74,83.35
2023-12-04,183.32,84.63,71.04,170.44,132.08,108.92,82.38
2023-12-05,184.42,83.15,70.48,170.74,131.91,108.04,81.25
2023-12-06,182.86,81.91,70.3,170.99,132.01,108.52,81.08
2023-12-07,185.08,81.35,70.6,172.4,131.85,108.62,81.63
2023-12-08,186.66,82.23,70.11,173.19,132.07,108.96,81.93
2023-12-11,188.29,82.33,70.78,173.65,132.94,110.0,82.51
2023-12-12,189.54,81.2,71.01,174.19,133.51,110.5,82.99
2023-12-13,191.21,82.33,72.3,176.47,135.97,111.73,84.0
2023-12-14,190.74,84.75,71.24,178.84,135.31,113.17,85.39
2023-12-15,191.7,84.3,71.24,179.21,134.16,113.02,85.17
2023-12-18,191.85,84.18,71.44,180.0,133.78,112.4,84.71
2023-12-19,192.58,85.19,71.58,181.41,134.68,113.27,85.49
2023-12-20,189.67,84.4,70.19,178.1,132.73,111.44,84.18
2023-12-21,191.8,84.73,70.68,180.81,134.35,112.59,85.07
2023-12-22,192.05,84.98,71.22,179.48,135.02,113.13,85.6
2023-12-26,192.85,85.71,71.52,180.24,135.32,113.93,86.0
2023-12-27,192.84,85.33,71.85,180.86,135.89,114.1,86.21
2023-12-28,193.07,84.03,71.88,179.92,136.24,114.13,85.88
2023-12-29,192.48,83.84,72.03,178.81,136.38,113.99,85.54
2024-01-02,187.44,84.74,72.84,177.15,138.78,112.84,85.39
2024-01-03,185.53,86.12,72.27,173.57,138.55,111.16,84.47
2024-01-04,184.17,84.61,72.17,172.35,139.24,111.3,84.2
2024-01-05,184.12,84.68,72.01,172.62,139.12,111.43,84.34
2024-01-08,188.74,83.7,72.54,175.56,140.35,112.16,84.7
2024-01-09,189.04,82.36,72.73,174.91,140.33,111.81,83.73
2024-01-10,190.65,81.55,72.58,176.31,140.97,112.38,83.62
2024-01-11,191.62,81.76,72.57,176.08,140.87,112.12,83.37
2024-01-12,192.24,82.68,72.8,173.96,140.52,112.11,83.45
2024-01-16,192.72,80.71,72.4,173.76,139.68,110.98,82.49
2024-01-17,191.77,80.04,72.35,172.24,139.4,110.23,81.89
2024-01-18,195.66,79.91,72.26,173.22,139.38,111.72,82.15
2024-01-19,200.17,80.17,72.05,174.89,139.46,112.45,82.23
2024-01-22,201.05,80.47,71.7,174.12,140.07,113.32,82.47
2024-01-23,201.86,80.64,72.48,173.7,139.97,113.23,82.74
2024-01-24,203.25,81.79,71.59,173.04,138.69,112.53,81.62
2024-01-25,204.1,83.63,72.28,170.9,138.48,113.61,82.48
2024-01-26,201.75,84.25,72.63,171.68,139.27,113.43,82.51
2024-01-29,203.6,84.13,73.05,174.19,140.25,114.17,82.92
2024-01-30,201.92,85.0,73.46,174.09,140.57,114.21,83.3
2024-01-31,197.68,83.41,72.92,170.92,140.38,112.89,82.21
2024-02-01,200.17,83.4,74.41,174.21,142.2,114.81,83.58
2024-02-02,202.24,83.52,74.17,177.32,141.99,115.58,83.09
2024-02-05,202.7,83.31,73.71,174.82,142.43,114.95,80.98
2024-02-06,201.77,83.58,73.88,175.88,143.98,115.98,82.41
2024-02-07,204.44,83.75,73.81,177.85,144.37,116.75,83.07
2024-02-08,205.08,84.61,73.79,178.63,144.12,116.77,82.96
2024-02-09,207.84,83.31,73.11,179.9,144.01,116.95,83.14
2024-02-12,206.26,84.23,73.63,179.75,144.2,117.12,83.8
2024-02-13,202.76,83.38,72.84,176.17,142.86,115.92,82.62
2024-02-14,204.88,83.3,72.7,178.03,144.1,117.86,83.15
2024-02-15,204.45,85.62,73.17,180.09,145.15,118.74,84.72
2024-02-16,202.57,85.57,73.28,179.02,145.62,118.03,85.17
2024-02-20,200.51,84.79,74.05,177.33,145.13,117.66,84.99
2024-02-21,199.25,86.38,74.32,178.64,145.45,118.13,85.46
2024-02-22,205.77,86.53,74.55,182.11,147.16,119.59,86.32
2024-02-23,205.29,85.96,74.78,181.29,147.86,120.22,86.83
2024-02-26,205.49,86.26,74.48,181.85,147.1,120.04,86.31
2024-02-27,205.67,85.89,74.49,182.45,146.74,120.22,86.63
2024-02-28,204.7,85.72,74.57,183.17,146.01,120.63,86.9
2024-02-29,206.98,86.14,74.45,184.41,144.82,121.0,87.56
2024-03-01,210.76,87.14,74.46,185.02,146.34,121.52,87.96
2024-03-04,210.76,86.21,74.52,182.52,146.12,121.96,88.6
2024-03-05,205.58,86.85,74.7,180.25,145.03,120.96,88.13
2024-03-06,207.21,87.12,75.33,179.61,146.02,121.59,88.78
2024-03-07,210.48,87.86,75.76,180.98,146.7,122.57,89.87
2024-03-08,207.35,88.17,75.16,180.31,146.43,122.3,89.35
2024-03-11,206.78,89.08,75.57,179.82,146.35,121.67,90.36
2024-03-12,211.02,88.94,75.96,181.37,147.03,122.21,90.35
2024-03-13,208.74,90.36,76.15,180.99,146.46,122.54,91.24
2024-03-14,208.78,91.29,75.56,179.84,145.94,122.02,90.76
2024-03-15,205.63,91.56,75.53,178.05,145.36,122.04,90.8
2024-03-18,206.3,91.14,75.46,179.02,144.82,121.88,90.64
2024-03-19,207.37,92.18,75.74,180.57,145.78,122.93,90.65
2024-03-20,209.69,92.05,75.97,183.26,145.45,124.41,91.56
2024-03-21,209.84,92.6,76.01,184.33,145.64,125.64,91.94
2024-03-22,209.91,92.4,75.64,182.72,145.44,125.21,91.37
2024-03-25,208.52,93.26,75.43,182.12,145.24,124.4,91.4
2024-03-26,207.66,92.54,75.47,182.35,145.77,123.95,91.33
2024-03-27,208.72,93.4,76.26,184.46,147.71,125.94,92.64
2024-03-28,208.27,94.41,76.36,183.89,147.73,125.96,92.89
2024-04-01,208.85,95.11,75.75,182.52,146.47,124.99,92.67
2024-04-02,206.84,96.44,75.36,179.83,144.19,124.41,92.33
2024-04-03,207.39,97.1,74.53,179.96,144.03,125.05,92.88
2024-04-04,204.11,97.04,74.21,177.85,141.95,123.95,91.94
2024-04-05,206.45,98.08,74.33,178.84,143.22,125.67,92.77
2024-04-08,206.21,97.46,74.22,180.54,142.76,125.45,92.84
2024-04-09,207.25,97.49,74.58,181.39,143.27,125.16,93.06
2024-04-10,204.71,97.79,74.31,178.59,141.59,124.09,91.61
2024-04-11,208.8,97.72,74.13,180.03,141.01,124.23,91.54
2024-04-12,205.42,96.13,73.38,177.11,138.91,122.9,89.92
2024-04-15,201.52,95.23,73.08,174.16,138.63,122.02,89.49
2024-04-16,201.76,94.4,73.11,173.17,138.68,121.74,88.8
2024-04-17,198.85,94.13,73.38,172.33,138.44,121.11,89.0
2024-04-18,196.58,93.84,73.72,171.26,138.43,120.69,89.03
2024-04-19,192.54,94.97,74.44,169.76,138.95,120.47,88.96
2024-04-22,194.25,95.59,75.15,170.51,139.48,121.38,89.05
2024-04-23,197.13,96.12,75.36,172.54,141.3,123.07,88.28
2024-04-24,198.03,96.19,75.93,174.19,140.86,122.09,88.34
2024-04-25,197.6,96.63,75.75,174.34,139.92,122.46,88.97
2024-04-26,199.83,95.74,75.59,175.91,139.96,122.66,89.52
2024-04-29,200.69,96.39,75.83,180.0,140.43,123.48,90.27
2024-04-30,196.27,93.52,75.5,175.62,140.33,121.52,88.63
2024-05-01,194.26,92.03,75.02,174.52,140.58,121.22,89.09
2024-05-02,197.06,92.56,75.65,176.72,140.48,121.92,88.63
2024-05-03,202.55,92.57,75.88,177.91,140.83,122.77,89.53
2024-05-06,204.93,93.3,75.92,179.81,141.4,124.01,90.07
2024-05-07,204.26,93.21,76.75,178.52,142.57,124.35,91.14
2024-05-08,204.84,93.1,76.52,177.85,142.08,124.35,90.72
2024-05-09,204.78,94.35,77.18,179.06,143.3,125.59,91.73
2024-05-10,205.54,93.83,77.62,178.1,143.59,125.68,91.84
2024-05-13,206.51,93.58,77.4,177.87,143.45,125.15,91.78
2024-05-14,208.34,93.7,77.25,178.68,144.06,125.12,91.87
2024-05-15,213.03,93.91,77.3,178.95,146.2,125.94,92.03
2024-05-16,212.29,93.65,78.4,177.79,146.03,125.19,91.37
2024-05-17,211.82,94.96,78.21,178.7,146.31,125.33,92.15
2024-05-20,214.31,94.34,77.67,177.37,146.0,125.57,92.28
2024-05-21,214.66,93.88,78.13,178.51,146.25,125.16,92.28
2024-05-22,215.14,92.08,77.82,176.65,146.51,125.31,91.38
2024-05-23,213.39,91.24,76.9,173.79,144.91,123.83,90.57
2024-05-24,215.19,91.37,77.1,175.54,144.42,124.46,91.36
2024-05-28,216.1,92.31,76.5,175.11,142.67,122.94,91.01
2024-05-29,214.73,90.68,75.95,173.96,141.56,121.2,89.71
2024-05-30,209.83,90.94,76.15,174.99,141.63,122.03,90.44
2024-05-31,210.16,93.2,77.34,175.97,143.7,123.51,91.53
2024-06-03,210.69,90.76,77.31,175.89,144.71,122.0,90.99
2024-06-04,211.13,89.89,77.98,176.07,145.13,121.7,89.98
2024-06-05,215.82,89.88,77.81,177.1,145.79,122.93,90.6
2024-06-06,215.1,90.35,78.05,178.39,146.27,122.2,90.7
2024-06-07,215.6,89.99,77.66,177.66,146.43,122.33,89.79
2024-06-10,216.15,90.67,77.6,178.23,146.97,122.71,89.7
2024-06-11,220.17,90.49,77.56,177.76,146.36,122.01,89.67
2024-06-12,225.04,89.52,76.71,179.61,146.05,123.17,89.84
2024-06-13,226.82,88.7,76.81,179.75,145.93,122.38,89.81
2024-06-14,227.67,88.04,76.95,178.33,145.88,121.15,88.98
2024-06-17,231.12,88.27,77.68,181.46,145.73,122.49,89.64
2024-06-18,231.41,88.64,77.78,180.85,145.92,123.15,89.54
2024-06-20,228.81,90.27,77.61,181.08,146.4,123.23,89.63
2024-06-21,228.41,89.75,77.67,182.61,146.81,122.97,89.64
2024-06-24,222.42,91.28,77.91,181.44,147.09,123.07,89.79
2024-06-25,226.5,91.49,77.41,180.71,146.63,122.02,88.65
2024-06-26,226.24,90.59,77.25,183.33,146.11,121.69,88.59
2024-06-27,226.35,90.8,76.92,184.45,145.87,121.82,88.34
2024-06-28,226.23,91.15,76.58,182.4,145.75,121.87,88.31
2024-07-01,227.94,91.2,76.04,183.02,144.93,120.56,86.95
2024-07-02,229.08,91.13,76.57,186.58,144.4,121.22,87.11
2024-07-03,232.17,91.53,76.44,187.77,143.3,121.66,87.76
2024-07-05,232.88,90.1,77.38,189.3,144.41,121.22,87.9
2024-07-08,234.47,89.55,77.26,189.39,144.25,121.37,88.16
2024-07-09,234.28,88.76,77.06,190.02,144.95,120.84,87.26
2024-07-10,237.68,89.36,77.4,191.45,146.32,121.92,88.43
2024-07-11,231.73,90.29,77.11,189.02,147.35,123.47,89.64
2024-07-12,233.8,90.52,77.45,191.49,148.27,124.18,90.5
2024-07-15,234.22,91.89,77.0,191.27,147.75,125.07,90.27
2024-07-16,233.44,92.3,77.74,194.7,149.86,128.19,92.02
2024-07-17,224.36,93.22,78.74,191.45,150.54,126.55,91.83
2024-07-18,224.38,93.39,78.35,189.5,147.12,125.56,90.92
2024-07-19,220.87,92.37,78.09,187.81,147.87,124.87,90.11
2024-07-22,226.1,91.79,78.14,189.88,148.72,126.14,90.41
2024-07-23,225.2,90.33,77.86,189.03,148.63,125.9,90.77
2024-07-24,215.88,90.34,77.79,181.3,149.87,123.19,89.61
2024-07-25,213.57,91.9,77.7,180.59,149.12,124.18,89.86
2024-07-26,216.28,92.19,78.49,182.61,149.96,126.3,91.33
2024-07-29,215.32,91.4,78.52,185.66,150.05,126.08,91.49
2024-07-30,209.91,92.82,77.99,184.63,150.18,126.45,91.19
2024-07-31,218.8,93.21,77.85,187.49,149.63,127.86,92.14
2024-08-01,210.64,90.74,78.57,182.89,151.16,125.49,91.77
2024-08-02,204.72,88.4,79.26,176.16,150.86,122.73,90.04
2024-08-05,197.9,86.45,77.7,171.18,146.83,120.6,88.03
2024-08-06,200.59,86.98,78.24,173.07,147.51,122.05,88.48
2024-08-07,197.34,87.33,78.32,170.05,146.01,121.46,87.28
2024-08-08,204.71,89.21,79.03,173.76,149.24,124.26,88.63
2024-08-09,205.63,89.41,79.15,174.34,149.98,124.28,88.56
2024-08-12,207.31,89.85,78.75,173.65,149.41,123.65,88.17
2024-08-13,213.68,88.98,79.11,178.0,151.22,124.95,89.05
2024-08-14,214.85,89.5,79.47,177.05,151.76,125.46,89.05
2024-08-15,221.03,90.57,80.29,182.7,152.71,127.15,90.46
2024-08-16,221.4,90.47,80.51,183.13,152.87,126.97,90.57
2024-08-19,225.05,91.08,80.78,185.38,153.8,127.74,91.0
2024-08-20,224.26,88.68,81.18,185.21,154.42,127.39,90.67
2024-08-21,225.58,88.83,81.73,187.55,154.68,128.16,91.71
2024-08-22,220.39,89.06,81.61,184.31,154.78,128.0,91.52
2024-08-23,223.96,90.39,81.84,187.87,155.45,129.28,92.73
2024-08-26,221.15,91.2,82.42,186.41,155.37,129.14,93.14
2024-08-27,222.49,90.35,82.62,185.92,155.61,129.22,93.15
2024-08-28,219.42,89.77,82.27,184.12,155.79,129.16,92.75
2024-08-29,217.44,90.94,81.86,184.34,156.12,130.07,93.26
2024-08-30,220.33,91.28,82.51,187.12,157.2,131.46,94.28
2024-09-03,210.21,89.01,83.09,184.55,156.9,128.55,92.14
2024-09-04,209.67,87.78,83.48,185.03,156.63,128.68,91.76
2024-09-05,209.35,87.1,83.16,187.13,154.48,127.18,91.04
2024-09-06,203.92,86.01,82.99,182.4,153.95,125.89,89.89
2024-09-09,207.26,86.63,83.63,185.06,155.03,127.82,90.76
2024-09-10,210.36,85.14,83.61,187.18,155.74,128.04,90.8
2024-09-11,217.54,84.35,82.83,189.05,155.28,128.27,91.02
2024-09-12,219.34,85.11,83.34,191.18,155.84,129.26,91.86
2024-09-13,220.44,85.59,83.93,192.48,156.16,130.57,92.69
2024-09-16,219.6,86.57,84.26,192.15,157.24,131.24,93.55
2024-09-17,219.17,87.74,83.46,193.13,155.62,131.96,93.73
2024-09-18,217.17,87.91,83.14,192.75,155.36,131.85,93.33
2024-09-19,223.62,88.96,82.65,197.14,155.92,134.12,94.74
2024-09-20,222.53,88.76,83.05,196.69,155.28,133.18,94.07
2024-09-23,222.09,89.12,83.09,198.67,154.4,133.64,94.47
2024-09-24,223.61,88.9,82.89,200.41,154.09,134.6,95.76
2024-09-25,224.25,87.16,82.68,199.69,152.59,133.97,95.12
2024-09-26,227.22,85.45,82.87,200.54,153.1,134.64,97.09
2024-09-27,225.1,87.19,83.02,200.84,153.02,134.83,96.92
2024-09-30,225.76,87.8,83.0,200.37,154.02,135.44,96.38
2024-10-01,220.26,89.8,82.72,199.56,153.21,135.51,96.14
2024-10-02,221.89,90.72,82.02,197.87,152.9,135.26,95.77
2024-10-03,222.81,92.32,81.2,195.58,151.52,134.57,94.71
2024-10-04,225.29,93.18,81.47,198.17,151.64,135.51,95.17
2024-10-07,223.74,93.51,80.66,195.09,150.97,135.18,94.89
2024-10-08,227.92,91.07,81.06,196.99,151.79,135.48,94.45
2024-10-09,230.47,91.62,81.55,198.4,153.34,136.69,95.05
2024-10-10,230.41,92.24,81.19,197.42,152.77,135.99,95.27
2024-10-11,230.81,92.81,81.64,196.58,153.89,138.42,95.89
2024-10-14,233.82,92.77,81.97,197.44,154.74,139.25,96.44
2024-10-15,228.68,89.78,82.49,197.87,152.85,138.18,96.34
2024-10-16,229.39,90.21,82.43,198.91,153.28,139.25,97.09
2024-10-17,230.09,90.64,82.06,198.73,152.39,138.85,97.24
2024-10-18,230.91,90.34,82.24,199.51,153.13,139.27,97.63
2024-10-21,231.99,90.07,81.55,197.96,151.33,138.78,96.88
2024-10-22,231.75,90.28,82.01,197.16,151.11,137.1,95.99
2024-10-23,228.43,89.81,81.85,194.06,150.4,136.7,95.73
2024-10-24,229.1,89.8,81.74,200.18,149.41,135.76,94.56
2024-10-25,230.29,89.77,81.06,200.81,148.59,135.4,93.96
2024-10-28,230.22,89.2,81.21,201.28,148.81,135.8,94.74
2024-10-29,233.32,87.84,80.41,200.23,148.4,135.62,94.13
2024-10-30,229.61,88.04,80.28,199.95,148.12,135.39,94.64
2024-10-31,222.24,88.59,80.12,196.89,146.87,133.83,93.39
2024-11-01,223.91,87.99,80.15,200.09,147.74,134.01,93.13
2024-11-04,223.74,89.57,80.37,199.4,146.77,133.86,93.54
2024-11-05,226.89,90.17,80.88,202.93,147.85,136.1,93.68
2024-11-06,233.35,93.56,79.56,209.42,148.04,141.43,94.97
2024-11-07,237.42,93.13,79.85,212.11,149.11,140.58,95.34
2024-11-08,237.16,93.75,80.82,215.12,150.18,142.09,94.47
2024-11-11,235.85,94.28,80.54,219.46,149.3,143.19,94.06
2024-11-12,236.15,93.78,80.63,216.53,147.22,141.96,92.46
2024-11-13,235.33,94.51,80.87,218.38,146.83,142.26,92.68
2024-11-14,234.53,94.87,80.67,215.28,144.52,139.86,91.92
2024-11-15,228.71,94.73,79.96,213.44,141.84,139.11,91.28
2024-11-18,229.45,95.99,80.52,215.41,141.94,138.92,91.99
2024-11-19,231.33,95.38,80.63,215.57,141.21,138.8,91.69
2024-11-20,231.13,96.34,80.22,214.62,142.88,138.95,92.44
2024-11-21,233.48,97.12,81.09,215.0,144.03,140.69,93.57
2024-11-22,233.6,97.27,81.84,218.1,144.16,142.65,94.09
2024-11-25,233.59,95.35,82.29,220.33,145.39,143.54,95.06
2024-11-26,234.76,95.22,82.63,221.13,146.17,143.71,94.35
2024-11-27,231.58,95.12,82.8,220.04,146.95,143.18,94.3
2024-11-29,233.73,95.53,83.22,222.3,147.41,143.99,94.78
2024-12-02,235.95,94.52,83.12,224.24,147.15,142.93,94.72
2024-12-03,236.8,94.51,82.69,224.07,146.82,142.03,94.42
2024-12-04,241.13,92.23,82.46,226.15,146.74,142.65,93.5
2024-12-05,239.91,92.59,82.79,228.0,145.1,140.92,92.27
2024-12-06,240.84,91.02,82.38,232.8,144.28,140.56,91.91
2024-12-09,239.27,90.87,82.25,232.06,144.7,139.34,91.89
2024-12-10,235.95,90.25,82.64,232.44,144.1,139.0,90.95
2024-12-11,239.37,90.4,82.01,236.52,142.14,138.68,90.63
2024-12-12,238.03,89.67,82.25,234.56,141.01,137.79,90.0
2024-12-13,239.05,89.22,82.04,235.49,140.99,137.43,89.23
2024-12-16,241.44,87.26,81.61,238.68,139.31,137.55,88.44
2024-12-17,239.98,86.61,81.47,239.43,139.21,136.29,87.95
2024-12-18,232.24,84.05,80.23,228.64,137.32,132.44,85.45
2024-12-19,232.49,83.32,79.66,228.33,136.28,132.27,84.53
2024-12-20,235.96,84.14,79.94,228.91,138.0,133.82,85.58
2024-12-23,238.07,83.93,78.92,229.17,138.75,133.12,85.07
2024-12-24,240.53,84.64,79.44,234.47,139.32,134.16,85.53
2024-12-26,240.69,84.57,79.69,233.6,139.6,134.26,85.4
2024-12-27,237.49,84.56,79.3,229.74,138.95,133.26,84.94
2024-12-30,234.47,84.55,78.37,226.05,137.24,131.92,83.8
2024-12-31,232.52,85.66,78.61,224.35,137.57,131.76,84.14
2025-01-02,231.97,86.66,78.37,221.4,137.61,131.3,83.21
2025-01-03,235.75,87.47,78.33,225.88,138.96,132.72,83.19
2025-01-06,238.75,87.07,77.51,226.77,139.02,132.43,83.75
2025-01-07,233.96,87.94,77.24,222.38,139.71,132.3,83.7
2025-01-08,233.88,88.03,77.38,223.01,140.43,132.82,84.16
2025-01-10,228.78,88.39,76.34,220.82,139.64,131.33,83.3
2025-01-13,227.16,90.25,76.47,222.07,141.46,132.87,85.16
2025-01-14,227.76,91.22,76.49,221.64,140.0,134.44,86.22
2025-01-15,232.29,92.57,76.23,227.28,140.57,135.29,87.04
2025-01-16,230.5,93.24,76.8,226.05,141.13,136.93,87.76
2025-01-17,234.11,93.96,77.24,229.22,140.18,137.75,88.33
2025-01-21,236.06,93.48,77.6,230.9,142.5,140.58,89.46
2025-01-22,241.39,91.78,77.22,230.03,142.18,140.25,88.74
2025-01-23,241.82,92.2,77.5,231.42,144.08,141.67,89.23
2025-01-24,239.3,91.31,77.9,230.01,144.31,141.07,89.0
2025-01-27,227.57,90.36,80.01,231.32,147.55,139.18,89.05
2025-01-28,233.64,89.5,78.76,231.6,146.52,138.26,88.76
2025-01-29,231.74,89.7,78.95,230.94,145.66,137.79,88.6
2025-01-30,232.17,90.16,79.73,233.2,147.34,139.33,89.44
2025-01-31,230.81,87.64,78.98,232.17,146.87,138.35,88.79
2025-02-03,227.7,88.19,79.29,229.1,147.44,136.98,88.88
2025-02-04,230.98,90.04,78.62,231.8,147.04,137.02,89.14
2025-02-05,234.19,90.23,79.11,229.17,148.45,137.12,89.07
2025-02-06,234.83,88.57,79.47,230.08,147.12,137.74,89.38
2025-02-07,232.82,88.56,79.35,225.58,146.43,137.33,88.29
2025-02-10,236.22,90.51,79.84,226.35,146.3,138.56,88.74
2025-02-11,236.33,91.24,80.61,223.78,146.03,138.61,89.26
2025-02-12,235.82,89.04,80.55,223.74,145.82,137.75,88.62
2025-02-13,239.16,89.71,81.42,227.1,146.39,137.89,90.16
2025-02-14,239.97,90.07,80.61,227.0,144.8,137.55,89.85
2025-02-18,242.16,91.3,80.9,226.37,144.52,138.63,90.99
2025-02-19,242.18,92.02,81.55,226.24,146.4,138.77,89.92
2025-02-20,241.41,92.86,81.23,224.29,147.22,137.86,89.71
2025-02-21,234.87,90.93,82.18,218.39,146.43,134.84,88.07
2025-02-24,231.53,90.95,82.43,217.57,147.62,134.23,87.97
2025-02-25,228.51,89.64,83.6,216.43,148.89,134.92,88.65
2025-02-26,231.0,89.13,82.0,215.54,147.82,135.0,88.61
2025-02-27,222.59,89.61,81.99,212.43,147.22,134.53,88.01
2025-02-28,225.53,91.0,83.08,215.96,148.93,136.33,88.76
2025-03-03,218.67,87.82,83.52,211.98,149.58,134.39,86.98
2025-03-04,218.5,86.97,82.1,208.24,148.19,131.77,85.8
2025-03-05,221.57,85.7,82.44,211.41,149.68,133.85,88.04
2025-03-06,215.42,85.96,82.59,206.05,149.27,132.7,87.58
2025-03-07,218.54,87.43,82.86,205.67,149.28,134.25,87.82
2025-03-10,209.25,88.08,82.68,198.33,147.67,132.15,85.99
2025-03-11,208.4,87.38,81.47,196.39,146.06,130.12,85.33
2025-03-12,211.68,87.78,79.7,197.53,144.6,130.11,84.93
2025-03-13,207.66,87.18,79.33,192.6,143.83,128.78,84.87
2025-03-14,213.94,89.76,79.51,196.7,144.93,131.13,85.98
2025-03-17,215.43,91.19,80.67,197.01,146.77,132.94,87.06
2025-03-18,212.15,91.34,79.75,193.5,146.84,131.88,86.91
2025-03-19,214.91,92.83,79.75,197.21,146.92,133.63,87.2
2025-03-20,213.38,93.17,79.36,196.74,147.01,132.96,86.65
2025-03-21,213.96,92.52,79.33,197.45,146.6,132.25,85.79
2025-03-24,217.63,92.85,79.4,204.29,147.15,134.29,86.54
2025-03-25,218.35,93.23,78.68,205.92,145.27,134.49,86.52
2025-03-26,213.48,93.78,79.9,203.23,144.74,133.6,86.68
2025-03-27,211.51,92.87,80.81,203.36,144.97,132.89,86.64
2025-03-28,206.38,92.43,80.41,197.04,144.52,130.15,85.05
2025-03-31,206.48,93.45,81.67,197.46,146.01,131.07,85.98
2025-04-01,207.99,94.0,81.79,199.52,143.34,131.81,86.3
2025-04-02,209.53,94.13,81.55,203.31,144.3,133.05,87.01
2025-04-03,195.23,86.74,82.02,191.03,143.13,125.85,83.08
2025-04-04,182.37,78.76,78.46,182.79,135.28,117.94,77.88
2025-04-07,183.46,78.25,77.55,180.63,134.47,117.39,76.63
2025-04-08,179.73,76.44,76.35,176.34,132.98,116.42,74.27
2025-04-09,203.86,82.36,79.31,195.54,138.76,126.76,80.76
2025-04-10,194.37,76.98,79.35,187.9,134.89,123.49,78.18
2025-04-11,198.35,78.89,80.35,189.72,136.87,125.67,80.5
2025-04-14,200.16,79.17,81.72,190.27,138.54,126.98,81.47
2025-04-15,200.89,79.05,81.03,188.9,137.69,126.35,80.83
2025-04-16,193.91,79.7,80.16,184.24,136.29,124.62,80.2
2025-04-17,192.86,81.5,81.87,185.4,135.49,125.3,80.75
2025-04-21,187.88,79.37,81.09,180.45,132.57,122.49,79.52
2025-04-22,192.46,81.39,82.24,186.16,135.06,124.63,81.38
2025-04-23,198.04,81.24,81.77,190.32,135.73,126.19,81.48
2025-04-24,205.43,82.54,81.05,194.11,137.39,129.02,83.24
2025-04-25,208.47,82.39,80.84,197.6,138.05,129.01,82.62
2025-04-28,208.13,82.97,80.57,197.67,138.6,129.44,82.77
2025-04-29,209.1,82.73,81.24,199.07,139.28,130.28,83.46
2025-04-30,209.97,80.5,81.83,197.26,140.47,131.22,83.89
2025-05-01,213.05,80.8,81.12,198.35,136.64,132.21,83.52
2025-05-02,216.61,81.98,81.56,201.43,138.53,134.58,84.93
2025-05-05,215.46,80.5,81.49,199.29,138.14,134.65,84.3
2025-05-06,213.67,80.52,81.35,197.55,134.33,133.47,83.69
2025-05-07,215.81,80.55,81.48,199.09,135.36,134.15,83.23
2025-05-08,217.87,81.61,81.38,201.44,134.14,136.0,84.34
2025-05-09,217.6,82.43,80.91,202.41,132.68,136.11,84.56
2025-05-12,227.7,84.58,81.03,212.47,135.96,140.3,86.52
2025-05-13,232.62,85.77,79.94,215.28,131.87,141.28,86.09
2025-05-14,234.13,85.25,79.51,216.11,128.77,140.6,85.3
2025-05-15,234.45,85.61,81.14,215.63,130.46,142.16,86.17
2025-05-16,234.89,85.48,82.07,217.67,133.09,143.78,87.05
2025-05-19,234.55,84.37,82.31,217.16,134.37,144.27,87.27
2025-05-20,233.67,83.59,82.6,216.03,134.7,143.75,87.12
2025-05-21,229.28,82.05,81.64,211.65,131.58,141.32,85.96
2025-05-22,229.34,81.73,81.3,212.56,130.55,141.29,85.87
2025-05-23,226.81,81.99,81.6,210.65,130.34,140.83,85.7
2025-05-27,232.2,82.7,82.34,216.87,132.16,143.31,87.2
2025-05-28,231.24,81.65,81.78,214.88,131.48,142.6,86.01
2025-05-29,231.63,82.26,82.11,214.97,132.36,142.73,86.33
2025-05-30,230.91,81.53,82.83,213.8,132.64,142.82,86.34
2025-06-02,232.95,82.6,82.88,214.3,132.72,142.64,86.85
2025-06-03,236.45,83.58,82.8,215.44,133.03,143.74,87.74
2025-06-04,236.8,81.95,82.22,214.87,133.29,143.82,88.07
2025-06-05,236.13,81.87,81.43,209.45,133.11,143.72,87.55
2025-06-06,238.36,83.41,81.69,212.17,134.38,144.93,87.78
